,Afghanistan,Albania,Algeria,Angola,Antigua and Barbuda,Argentina,Armenia,Australia,Austria,Azerbaijan,Bahamas,Bahrain,Bangladesh,Barbados,Belarus,Belgium,Belize,Benin,Bhutan,Bolivia (Plurinational State of),Bosnia and Herzegovina,Botswana,Brazil,Brunei Darussalam,Bulgaria,Burkina Faso,Burundi,Cabo Verde,Cambodia,Cameroon,Canada,Central African Republic,Chad,Chile,China,Colombia,Comoros,Congo,Costa Rica,CÃ´te d'Ivoire,Croatia,Cuba,Cyprus,Czechia,Democratic People's Republic of Korea,Democratic Republic of the Congo,Denmark,Djibouti,Dominican Republic,Ecuador,Egypt,El Salvador,Equatorial Guinea,Eritrea,Estonia,Eswatini,Ethiopia,Fiji,Finland,France,Gabon,Gambia,Georgia,Germany,Ghana,Greece,Grenada,Guatemala,Guinea,Guinea-Bissau,Guyana,Haiti,Honduras,Hungary,Iceland,India,Indonesia,Iran (Islamic Republic of),Iraq,Ireland,Israel,Italy,Jamaica,Japan,Jordan,Kazakhstan,Kenya,Kiribati,Kuwait,Kyrgyzstan,Lao People's Democratic Republic,Latvia,Lebanon,Lesotho,Liberia,Libya,Lithuania,Luxembourg,Madagascar,Malawi,Malaysia,Maldives,Mali,Malta,Mauritania,Mauritius,Mexico,Micronesia (Federated States of),Mongolia,Montenegro,Morocco,Mozambique,Myanmar,Namibia,Nepal,Netherlands,New Zealand,Nicaragua,Niger,Nigeria,Norway,Oman,Pakistan,Panama,Papua New Guinea,Paraguay,Peru,Philippines,Poland,Portugal,Qatar,Republic of Korea,Republic of Moldova,North Macedonia,Romania,Russian Federation,Rwanda,Saint Lucia,Saint Vincent and the Grenadines,Samoa,Sao Tome and Principe,Saudi Arabia,Senegal,Serbia,Seychelles,Sierra Leone,Singapore,Slovakia,Slovenia,Solomon Islands,Somalia,South Africa,South Sudan,Spain,Sri Lanka,Sudan,Suriname,Sweden,Switzerland,Syrian Arab Republic,Tajikistan,Thailand,Timor-Leste,Togo,Tonga,Trinidad and Tobago,Tunisia,Turkey,Turkmenistan,Uganda,Ukraine,United Arab Emirates,United Kingdom of Great Britain and Northern Ireland,United Republic of Tanzania,United States of America,Uruguay,Uzbekistan,Vanuatu,Venezuela (Bolivarian Republic of),Viet Nam,Yemen,Zambia,Zimbabwe,Global Average
2019(B),6.00,3.70,2.60,12.60,0.30,8.10,2.70,11.30,10.40,4.00,3.40,7.20,3.90,0.30,16.50,13.90,7.70,12.70,5.10,6.80,8.30,20.20,6.40,2.50,6.50,14.40,12.10,15.20,5.50,15.90,10.30,23.00,13.20,8.00,6.70,3.70,8.50,11.60,7.60,15.70,11.00,10.20,3.20,9.50,8.20,12.40,7.60,11.90,5.10,7.70,3.40,6.10,13.50,17.30,12.00,40.50,9.50,9.50,13.40,9.70,13.10,9.60,7.70,8.30,10.50,3.60,0.60,6.20,12.30,12.40,40.90,11.20,2.60,11.80,11.20,12.90,2.60,5.10,4.70,8.90,5.20,4.30,2.30,12.20,2.00,18.10,11.00,30.60,2.70,8.30,6.00,16.10,2.80,87.50,7.40,4.50,20.20,8.60,9.20,10.60,5.80,2.80,8.00,5.30,5.50,8.80,5.30,29.00,18.00,16.20,7.30,23.20,3.00,13.50,9.80,9.30,10.30,4.70,10.10,6.90,9.90,4.50,9.80,2.90,3.60,6.20,2.70,2.50,9.30,7.20,4.70,21.20,12.20,7.20,7.30,21.60,9.50,6.90,1.00,14.60,2.20,5.40,11.00,7.90,7.70,11.30,9.70,9.30,14.00,17.40,14.70,23.50,6.70,5.30,12.90,4.80,25.90,12.40,9.80,2.10,5.30,8.00,4.50,14.80,4.40,8.30,3.20,2.30,6.10,10.40,17.70,5.20,6.90,8.20,14.50,18.80,8.30,21.00,2.10,7.20,7.10,14.40,23.60,10.09
2019(M),6.20,5.30,3.30,21.70,0.00,13.50,4.90,17.00,16.60,6.60,5.80,9.90,6.00,0.50,30.10,19.60,13.60,20.30,6.80,9.60,13.50,35.50,10.30,4.20,10.60,24.50,18.90,27.40,8.40,25.20,15.30,39.60,20.20,13.40,8.60,6.00,11.30,18.30,13.30,25.70,17.70,16.70,5.30,15.40,10.60,20.70,11.10,16.30,8.50,11.90,4.70,11.10,18.50,27.20,20.20,78.70,14.20,13.10,20.10,15.20,23.30,13.30,14.00,12.80,20.00,5.90,0.50,10.30,18.40,19.80,65.00,14.90,4.40,19.10,18.70,14.70,4.00,7.50,7.30,14.30,8.30,6.70,3.60,17.50,3.00,30.90,18.10,53.60,3.80,13.50,8.60,29.00,3.90,146.90,9.40,6.10,36.10,11.80,13.30,20.00,9.00,4.10,10.50,8.40,7.40,15.00,8.70,44.30,31.10,25.40,10.10,42.60,5.10,24.90,18.60,12.50,15.40,7.80,14.10,10.10,13.40,6.40,14.60,4.80,5.20,9.00,4.10,3.90,16.50,11.60,5.70,29.70,22.10,11.00,12.60,38.20,14.80,12.50,1.30,20.90,3.30,7.80,18.50,12.20,14.00,14.80,12.70,16.70,22.70,32.20,22.80,37.90,10.40,7.90,20.90,6.30,41.30,16.90,14.20,3.50,7.40,13.90,6.70,24.00,5.90,13.10,4.60,3.60,9.40,19.40,32.70,6.30,10.40,13.50,22.40,31.10,11.80,33.10,3.70,10.60,9.00,25.70,37.80,16.14
2019(F),5.70,2.20,1.90,4.70,0.60,3.30,1.00,5.60,4.60,1.50,1.20,2.30,1.70,0.20,5.30,8.40,1.80,6.10,3.10,4.20,3.40,7.80,2.80,0.80,2.90,6.50,6.40,5.10,3.10,7.60,5.40,9.30,6.90,3.00,4.80,1.70,5.80,6.10,1.90,5.00,5.10,4.10,1.10,3.80,6.30,5.00,4.20,7.60,1.90,3.60,2.20,2.10,8.80,8.30,4.50,6.40,5.20,6.00,6.80,4.50,3.80,6.20,2.20,3.90,1.80,1.50,0.70,2.50,8.00,6.70,17.00,8.00,1.00,5.50,3.50,11.10,1.20,2.80,2.40,3.60,2.10,2.10,1.00,6.90,0.90,6.90,5.30,9.50,0.70,3.50,3.50,4.60,1.70,34.60,5.50,2.90,6.20,5.40,5.40,3.30,2.40,0.90,5.70,2.30,3.90,2.50,2.20,13.20,5.60,7.90,4.70,8.90,1.10,4.40,2.90,6.10,5.40,1.90,6.40,3.80,6.30,1.10,4.80,1.00,1.90,3.30,1.40,1.30,2.40,3.50,1.70,13.40,3.30,3.50,2.40,7.20,5.00,1.50,0.70,7.80,1.20,1.90,5.20,3.90,1.30,8.20,6.40,2.60,5.50,2.40,7.10,9.80,3.40,2.80,6.10,3.30,11.80,7.70,5.70,0.80,3.40,2.30,2.40,6.50,2.90,3.70,1.80,1.20,2.90,3.70,4.70,2.60,3.40,3.70,6.80,7.70,4.90,9.00,0.70,4.20,5.30,5.30,13.50,4.54
2018(B),5.90,3.90,2.60,12.40,0.30,9.00,1.70,11.30,11.20,3.90,3.40,7.00,3.80,0.30,17.90,14.30,7.20,13.00,5.10,7.00,8.20,22.10,6.50,3.00,6.60,14.70,12.30,16.00,5.60,15.90,10.50,23.60,13.60,8.00,6.80,3.90,8.50,11.60,6.80,15.90,11.10,10.20,3.60,10.80,8.20,12.40,8.20,12.20,5.50,8.10,3.40,6.10,14.10,17.80,11.60,40.10,9.50,9.70,14.40,10.00,13.60,9.60,7.90,8.50,10.80,3.70,0.30,6.30,12.20,12.90,40.40,11.40,2.60,12.60,10.10,12.90,2.60,5.50,4.90,9.20,5.30,4.40,2.20,13.40,1.90,19.40,11.00,30.30,2.60,8.90,6.20,14.30,2.50,93.10,7.40,5.70,21.10,8.00,9.20,11.00,5.60,2.90,8.00,5.30,5.40,8.20,5.40,29.10,18.70,16.40,7.30,23.20,3.00,13.70,9.70,9.10,10.70,5.00,10.10,7.00,10.10,4.40,9.80,2.90,3.50,6.10,2.70,2.60,10.40,7.50,4.60,21.30,11.90,7.20,7.70,23.40,9.50,7.10,1.00,14.80,2.20,5.60,11.20,7.90,7.90,11.20,7.80,9.40,12.80,17.70,14.80,24.40,6.70,5.40,13.20,4.80,26.20,12.70,9.90,2.10,5.30,7.90,4.50,14.90,4.60,8.50,3.10,2.30,6.10,10.30,18.00,5.00,7.10,8.00,14.10,18.80,8.70,21.10,2.20,7.40,7.10,15.90,23.90,10.25
2018(M),6.20,5.60,3.20,21.30,0.00,14.90,2.90,17.10,18.00,6.50,5.80,9.70,5.80,0.50,32.80,20.30,12.80,20.80,6.80,9.80,13.40,38.40,10.40,4.90,10.50,25.00,19.20,28.90,8.60,25.30,15.60,40.80,20.70,13.20,8.80,6.30,11.30,17.90,11.50,26.10,17.80,16.60,5.90,17.80,10.60,20.60,11.90,16.50,9.20,12.50,4.60,11.00,19.70,28.10,19.70,78.80,14.30,13.40,21.60,15.80,24.00,13.20,14.30,13.10,20.50,6.00,0.00,10.40,18.20,20.80,64.40,15.10,4.40,21.20,16.60,14.70,4.00,8.10,7.40,14.80,8.50,6.90,3.50,18.80,2.90,33.40,18.20,53.10,3.70,14.60,8.90,27.40,3.50,158.40,9.00,8.10,37.90,11.10,13.40,20.80,8.70,4.30,10.50,8.30,7.30,12.20,8.80,44.60,32.20,25.60,10.00,42.80,5.10,25.40,18.40,11.80,15.90,8.30,14.10,10.30,13.70,6.30,14.60,4.90,5.10,8.90,4.10,4.00,18.60,11.70,5.60,31.00,21.90,11.10,13.30,41.40,14.90,12.90,1.40,21.20,3.30,8.00,18.70,12.20,14.20,14.80,10.40,17.00,20.40,32.90,23.00,39.80,10.30,8.10,21.50,6.40,41.80,17.30,14.20,3.50,7.20,13.60,6.60,24.10,6.10,13.40,4.40,3.40,9.40,19.20,33.30,6.00,10.80,13.30,21.80,31.50,12.50,33.50,3.90,10.80,9.00,28.10,38.60,16.43
2018(F),5.60,2.40,1.90,4.60,0.60,3.60,0.70,5.40,4.80,1.50,1.20,2.30,1.70,0.20,5.60,8.50,1.70,6.20,3.10,4.30,3.40,8.90,2.90,1.00,3.10,6.60,6.40,5.20,3.10,7.50,5.50,9.50,7.10,3.00,4.90,1.70,5.90,6.40,2.10,5.00,5.10,4.10,1.40,4.10,6.30,5.00,4.50,7.70,2.00,3.80,2.20,2.10,8.50,8.50,4.50,5.80,5.20,6.10,7.20,4.70,4.00,6.30,2.30,4.00,1.80,1.50,0.70,2.60,8.00,6.80,16.70,8.20,1.00,5.30,3.50,11.10,1.20,2.90,2.50,3.70,2.20,2.10,1.00,7.90,0.90,7.30,5.20,9.30,0.70,3.70,3.60,2.80,1.60,34.60,5.90,3.30,6.30,4.90,5.40,3.50,2.40,0.90,5.80,2.20,3.90,4.20,2.20,13.10,5.90,8.10,4.80,8.80,1.10,4.30,3.00,6.40,5.60,2.20,6.40,3.80,6.40,1.10,4.80,1.00,1.90,3.20,1.40,1.30,2.50,3.80,1.70,12.40,3.00,3.50,2.50,7.80,5.10,1.50,0.70,7.90,1.20,2.00,5.30,3.90,1.40,8.10,5.00,2.60,5.50,2.40,7.20,9.80,3.30,2.90,6.30,3.30,11.90,8.10,5.70,0.80,3.40,2.40,2.40,6.50,3.10,3.80,1.80,1.20,2.90,3.50,4.60,2.60,3.40,3.70,6.60,7.40,5.20,8.90,0.70,4.20,5.30,6.00,13.50,4.58
2017(B),6.00,4.10,2.50,12.40,0.00,8.70,2.40,11.80,10.80,3.90,3.30,6.70,3.70,0.30,18.50,14.60,7.70,13.10,5.10,7.20,8.10,22.30,6.20,3.30,6.70,14.80,12.50,16.20,5.60,16.10,11.70,25.70,13.80,8.40,6.90,4.50,8.60,11.90,5.80,16.40,10.90,10.50,3.30,11.20,8.70,12.00,8.30,12.30,6.00,9.30,3.40,6.20,13.20,18.00,15.20,42.90,9.60,9.90,14.40,10.40,13.80,9.80,8.10,8.30,11.30,3.80,0.70,6.00,12.50,13.10,39.90,11.40,2.70,12.60,11.70,12.50,2.60,5.80,5.20,9.30,5.00,4.80,2.20,13.50,1.90,21.20,10.60,31.50,2.50,9.20,6.20,17.10,3.00,96.30,7.60,5.50,23.50,7.50,9.30,11.70,5.60,3.10,8.00,4.80,5.40,9.60,5.90,28.70,19.10,16.30,7.30,23.10,3.10,15.20,9.60,9.60,12.10,4.70,10.20,7.10,10.40,4.50,10.00,3.20,3.50,6.10,2.70,2.60,11.10,7.90,4.60,19.30,12.40,7.20,7.80,24.40,9.60,7.10,0.00,14.80,2.20,5.70,11.40,0.30,7.90,10.90,7.30,9.60,14.30,17.80,14.90,25.80,6.40,5.80,13.70,4.80,25.40,12.50,10.40,2.00,5.30,7.50,4.40,15.40,4.80,9.00,3.00,2.30,6.20,10.30,16.90,4.80,7.20,8.20,14.40,18.50,8.90,21.10,2.20,7.50,6.90,16.70,25.90,10.43
2017(M),6.30,5.70,3.20,21.00,0.00,14.30,4.70,17.70,17.50,6.50,5.80,9.30,5.70,0.50,33.80,20.80,13.90,21.00,6.80,10.00,13.10,38.60,9.90,5.40,11.00,25.30,19.40,27.80,8.60,25.70,17.60,44.90,20.90,14.10,8.90,7.40,11.50,18.10,9.40,26.80,17.50,17.00,5.70,18.20,11.20,20.10,11.90,16.80,10.00,14.50,4.70,11.10,17.90,28.40,25.00,83.60,14.50,13.70,20.80,16.30,24.50,13.60,14.70,12.90,21.40,6.10,0.80,9.80,18.40,21.00,63.90,15.10,4.60,21.10,20.80,14.30,4.00,8.60,7.80,15.00,7.80,7.70,3.50,19.40,2.80,36.60,17.60,55.40,3.60,15.10,8.90,30.20,4.30,164.00,9.00,7.70,41.10,10.60,13.60,21.90,8.60,4.60,10.50,7.70,7.20,14.90,9.90,44.10,32.90,25.30,9.80,42.90,5.30,27.40,18.30,13.20,18.20,7.70,14.10,10.40,14.00,6.50,14.80,5.60,5.10,8.80,4.10,4.10,19.70,12.40,5.60,28.30,22.80,11.10,13.50,43.30,15.00,12.90,0.00,21.20,3.30,8.20,19.00,0.30,14.30,14.40,9.50,17.20,23.70,33.10,23.00,42.20,9.90,8.70,22.20,6.40,40.30,17.20,15.00,3.20,7.10,12.80,6.50,25.00,6.40,14.00,4.30,3.40,9.60,19.30,31.30,5.70,11.10,13.40,22.50,30.80,12.80,33.50,3.90,11.10,8.70,29.10,41.30,16.74
2017(F),5.50,2.50,1.90,4.90,0.00,3.60,0.90,5.90,4.60,1.50,1.00,2.30,1.60,0.20,5.70,8.60,1.70,6.30,3.20,4.50,3.50,9.20,2.80,1.00,2.80,6.70,6.60,5.30,3.10,7.60,5.80,9.60,7.30,3.00,5.00,1.80,5.90,6.80,2.20,5.20,5.00,4.40,0.90,4.50,6.70,4.90,4.80,7.70,2.20,4.20,2.20,2.20,8.60,8.60,6.30,7.00,5.30,6.10,8.00,4.90,4.10,6.30,2.30,3.90,2.00,1.50,0.60,2.70,8.30,7.00,16.30,8.30,1.00,5.30,2.30,10.70,1.20,3.00,2.70,3.70,2.30,2.20,1.00,7.60,0.90,7.80,5.00,9.70,0.70,3.80,3.60,5.50,1.70,35.80,6.20,3.20,8.10,4.50,5.50,3.80,2.40,0.80,5.80,2.00,3.80,4.30,2.10,12.80,6.00,8.10,5.00,8.60,1.20,5.30,3.00,6.00,6.30,2.10,6.40,3.90,6.60,1.20,4.90,0.90,1.90,3.40,1.40,1.30,2.70,3.90,1.70,11.20,3.30,3.50,2.50,8.00,5.20,1.50,0.00,7.80,1.20,2.10,5.40,0.40,1.40,7.90,5.10,2.60,5.30,2.50,7.20,10.30,3.30,3.00,6.40,3.30,11.70,7.80,5.90,0.80,3.50,2.40,2.30,6.70,3.20,4.10,1.80,1.20,3.00,3.60,4.50,2.60,3.50,3.90,6.50,7.50,5.30,8.80,0.80,4.20,5.10,6.60,15.00,4.66
2016(B),6.00,4.20,2.60,12.90,0.50,8.10,4.40,10.90,11.10,3.90,3.50,6.50,3.60,0.30,19.40,15.00,6.70,13.30,5.10,7.40,8.10,22.90,5.70,2.40,6.60,15.20,12.60,16.50,5.80,16.60,10.40,25.30,13.70,9.20,7.00,4.10,8.70,12.30,7.30,17.00,11.50,9.70,4.20,10.30,9.20,12.10,8.20,12.10,6.80,9.10,3.60,5.80,15.00,18.30,12.50,46.20,9.80,10.00,13.30,10.70,14.60,9.90,9.00,8.80,11.70,3.40,0.90,6.20,12.80,13.10,39.60,11.60,2.70,13.30,12.30,12.60,2.60,5.90,5.30,9.40,5.00,4.40,2.20,13.70,1.90,22.00,10.50,31.40,2.50,9.60,6.20,17.10,2.80,107.10,7.60,5.00,26.20,7.60,9.50,12.20,5.40,3.20,8.30,5.10,5.40,7.60,5.60,28.20,19.80,16.10,7.40,23.40,3.30,14.90,9.70,9.30,11.50,4.60,10.20,7.20,11.10,4.50,10.00,3.40,3.60,5.60,2.70,2.70,11.40,7.40,4.80,20.50,13.40,7.30,7.80,26.90,9.70,6.70,0.70,15.00,2.20,5.90,11.50,10.60,7.60,10.80,7.30,9.70,14.30,17.80,14.80,25.30,6.50,5.50,14.20,4.80,25.50,12.20,9.80,1.80,5.40,7.60,4.50,16.00,4.80,9.20,3.00,2.30,6.60,11.10,17.60,5.00,7.60,8.30,13.70,18.70,9.20,21.00,2.30,7.60,7.00,16.70,28.70,10.68
2016(M),6.20,5.70,3.30,21.80,0.00,13.60,8.10,16.30,17.10,6.50,6.20,8.90,5.50,0.50,35.50,21.70,11.90,21.30,6.70,10.30,13.20,39.50,9.10,3.90,10.70,25.80,19.50,28.30,8.80,26.40,15.30,44.00,20.80,15.50,9.00,6.90,11.70,18.60,12.40,27.80,18.80,16.10,7.20,16.90,11.90,20.10,12.20,16.50,11.30,14.00,5.00,10.20,20.30,28.80,21.30,88.80,14.70,14.00,20.40,16.90,25.70,13.60,16.40,13.50,22.20,5.70,0.90,10.00,19.00,21.10,63.80,15.10,4.50,21.90,20.30,14.40,4.00,8.80,8.00,15.20,8.40,6.90,3.40,19.70,2.80,38.20,17.20,55.00,3.60,15.70,8.80,30.30,3.90,180.10,9.10,6.90,48.60,10.60,13.80,22.80,8.20,4.70,10.70,8.00,7.10,12.80,9.40,43.40,34.00,24.90,9.90,43.50,5.70,25.90,18.40,12.80,17.20,7.80,14.20,10.70,14.70,6.50,14.90,5.70,5.30,8.30,4.00,4.20,20.50,12.20,5.80,29.70,24.00,11.20,13.60,47.70,15.10,12.10,0.60,21.60,3.20,8.50,19.20,16.50,13.80,14.30,9.30,17.50,23.60,33.10,22.90,41.00,10.00,8.40,23.10,6.40,40.30,16.70,14.20,3.00,7.20,13.00,6.50,25.60,6.40,14.50,4.20,3.40,10.20,20.50,32.40,5.90,11.80,13.70,21.20,30.30,13.10,33.30,3.90,11.20,9.00,29.10,44.50,17.12
2016(F),5.80,2.70,1.90,5.10,0.90,3.10,1.70,5.60,5.70,1.50,1.10,2.30,1.70,0.20,6.00,8.50,1.50,6.30,3.10,4.70,3.50,9.60,2.50,0.70,2.90,7.00,6.90,5.50,3.20,7.90,5.50,9.60,7.20,3.30,5.10,1.60,6.00,7.10,2.20,5.50,5.00,3.80,1.10,4.10,7.10,5.00,4.40,7.60,2.40,4.30,2.30,2.20,9.60,8.70,4.80,9.10,5.30,6.10,6.10,5.00,4.40,6.50,2.60,4.30,2.10,1.30,0.90,2.80,8.40,7.10,16.10,8.70,1.00,6.10,4.00,10.80,1.20,3.00,2.80,3.70,1.90,1.90,1.00,7.70,0.90,7.90,5.00,9.80,0.70,4.00,3.60,5.50,1.70,41.90,6.20,3.00,6.60,4.60,5.50,4.00,2.40,0.80,6.10,2.20,3.90,2.60,2.10,12.70,6.30,8.10,5.10,8.70,1.20,6.10,3.00,5.90,6.00,1.70,6.50,3.90,7.30,1.20,4.90,1.00,2.00,2.90,1.40,1.30,2.70,3.20,1.80,12.20,3.90,3.60,2.30,8.70,5.30,1.50,0.80,8.00,1.20,2.20,5.50,5.20,1.40,7.80,5.20,2.60,5.10,2.50,7.20,10.50,3.30,2.80,6.60,3.30,11.80,7.50,5.50,0.70,3.60,2.50,2.40,7.20,3.20,4.20,1.80,1.30,3.20,4.00,4.70,2.60,3.50,4.00,6.30,8.30,5.50,8.80,0.80,4.20,5.10,6.70,17.70,4.80
2015(B),6.00,4.20,2.70,13.30,0.40,8.10,4.70,11.80,11.40,4.00,3.40,6.30,3.60,0.30,19.60,14.40,6.90,13.40,5.20,7.20,8.30,24.50,5.60,1.60,6.80,15.40,12.80,16.70,5.80,17.10,11.20,26.30,14.00,9.20,7.10,4.00,8.80,12.50,6.40,17.70,12.20,10.40,4.20,10.50,9.50,12.30,8.10,11.90,6.80,8.90,3.70,6.80,15.30,18.70,13.40,49.20,10.00,10.00,12.10,11.50,15.20,10.30,8.80,9.00,12.00,3.80,0.60,6.40,13.00,13.10,39.30,12.00,4.60,14.60,13.20,12.90,2.60,6.00,5.40,8.70,4.50,4.80,2.20,14.90,1.90,23.40,10.60,31.60,2.40,10.90,6.20,17.10,2.90,114.50,7.70,5.50,28.90,9.60,9.50,12.60,5.20,3.00,8.50,6.60,5.30,7.50,5.60,28.40,19.70,16.30,7.60,24.00,3.30,16.30,9.80,9.30,11.10,4.50,10.40,7.30,10.60,4.70,10.00,3.00,3.70,5.90,2.80,2.70,13.20,8.30,4.90,21.20,13.70,7.30,9.10,27.90,9.90,7.90,3.30,14.90,2.20,6.00,11.80,11.70,7.70,10.50,7.60,9.80,14.80,17.90,15.00,25.60,6.40,5.60,14.70,4.90,25.90,13.00,10.50,2.00,5.20,7.20,4.40,16.70,5.30,9.50,3.00,2.30,6.60,11.00,17.90,5.30,7.80,8.20,12.90,16.70,9.20,21.20,2.40,7.60,6.80,17.30,30.70,10.99
2015(M),6.10,5.70,3.40,22.70,0.00,13.50,7.60,17.70,17.90,6.60,6.00,8.70,5.40,0.50,36.00,20.70,12.20,21.50,6.90,9.90,13.60,42.30,8.90,2.60,11.10,26.30,19.50,28.70,8.80,27.00,16.40,45.50,21.30,14.80,9.00,6.50,11.80,18.70,10.70,28.80,19.40,17.10,6.50,17.50,12.20,20.40,11.30,16.20,11.50,13.70,5.10,12.50,20.60,29.50,24.10,92.30,14.90,13.90,18.90,18.10,26.50,14.10,15.90,13.50,22.70,6.10,0.90,10.40,19.40,20.90,63.50,15.30,8.30,24.00,21.00,14.80,3.90,8.80,8.10,13.80,7.20,7.60,3.40,21.40,2.80,40.80,17.40,55.30,3.50,18.10,8.80,30.50,4.00,191.50,9.20,7.80,51.70,13.00,13.90,23.40,7.90,4.40,10.90,10.30,7.10,11.30,9.20,43.50,33.50,25.10,10.10,44.40,5.70,27.90,18.70,12.70,16.40,7.10,14.50,10.90,13.90,6.80,14.80,4.90,5.30,8.40,4.20,4.30,23.50,12.50,5.80,31.00,24.00,11.30,16.00,49.50,15.20,14.50,5.70,21.50,3.30,8.50,19.60,18.40,13.80,14.10,10.00,17.80,24.20,33.30,23.20,41.60,9.80,8.50,24.00,6.60,41.10,18.30,15.20,3.20,7.10,12.10,6.40,26.70,7.30,15.00,4.30,3.40,10.00,20.70,33.00,6.30,12.00,13.60,19.90,27.70,13.20,33.50,4.10,11.30,8.70,30.00,47.40,17.56
2015(F),5.8,2.8,2,5.1,0.8,3.2,2.6,6,5.4,1.6,1.1,2.4,1.8,0.2,5.9,8.3,1.6,6.4,3.1,4.6,3.6,10.3,2.6,0.6,2.8,7.2,7.1,5.6,3.2,8.3,6,10.4,7.3,3.9,5.3,1.8,6.1,7.5,2.2,5.8,5.8,4.1,1.8,3.9,7.3,5.1,4.9,7.5,2.4,4.2,2.4,2.1,10,8.9,3.8,11.9,5.5,6.1,5.4,5.3,4.8,6.7,2.6,4.7,2.2,1.5,0.3,2.9,8.5,7.2,15.9,9.1,1.1,6.5,5.2,11.1,1.2,3.1,2.9,3.7,1.9,2.2,1,8.4,0.9,8.2,5.3,9.9,0.7,4.2,3.7,5.5,1.7,45.9,6.3,3.1,8.9,6.2,5.6,4.2,2.4,0.9,6.3,2.8,3.9,3.8,2.3,12.9,6.5,8.4,5.3,9.1,1.3,7,3,6,6.2,2.2,6.6,4,7.1,1.3,4.9,1.1,2,3.2,1.5,1.3,3.3,4.8,1.8,12.5,4.7,3.6,2.5,9,5.5,1.6,0.9,8,1.2,2.3,5.7,5.6,1.4,7.4,5,2.6,5.9,2.5,7.3,10.4,3.3,2.9,6.7,3.3,11.8,7.8,6,0.8,3.4,2.5,2.4,7.7,3.4,4.3,1.9,1.3,3.4,3.9,4.9,2.7,3.7,3.9,6.1,6.7,5.4,9,0.8,4.2,5,7.1,19.2,5.01
2014(B),6,4.5,2.8,13.1,0.4,9.2,4.6,11.3,12,4.1,3.3,6.4,3.7,0.3,21.6,15.1,6.9,13.6,5.2,7,8.2,25.3,5.4,1.7,7.1,15.7,13.1,16.9,5.8,17.9,10.9,27.6,14.6,9.1,7.4,3.7,8.9,13.5,5.4,18.5,12.4,10.2,4.8,11.7,9.1,12.6,9.1,12.2,6.6,8.9,3.7,6,14.2,18.9,16.2,54.6,10,10.3,13.7,11.4,15.4,10.6,8.6,9.2,12.4,4,0.5,6.4,13,14.1,39.5,12,4.1,15,14.4,13.5,2.6,6.1,5.5,10.5,5,5,2.2,15.8,1.9,24.2,11.1,31.6,2.4,11.5,6.2,17.2,2.8,116.2,8.5,6.1,29.4,10.1,9.8,12.8,5.1,2.9,8.7,6.3,5.4,9.9,5.7,27.4,19.6,16.3,7.9,24.7,3.4,15.3,9.9,9.3,10.6,5,10.7,7.6,10.1,4.7,10,4.2,3.6,6,3,2.7,14.5,9.2,5,22.4,14.5,7.4,9,29.4,10.1,8.2,1.4,14.9,2.2,6.3,12,12,7.5,11,8.2,10,14.4,18.1,15.2,25.3,6.2,6.2,12.7,5,25.9,12.3,10,2.1,5.1,6.9,4.2,17.4,5.4,9.8,3.1,2.3,7.1,11.4,20.4,5.6,7.6,8.3,12.4,15.8,9,21.1,2.3,7.6,7,17.7,30.8,11.23
2014(M),6.1,6.2,3.5,22.6,0,15.1,6.8,17,19,6.8,5.8,8.7,5.6,0.5,39.7,21.7,12.1,22,7,9.6,13.4,43.4,8.7,1.8,11.7,26.6,20,29,8.8,28.2,15.9,48,22.3,15.3,9.3,6.2,11.8,19.9,9,30.1,19.7,16.6,7,19.4,11.6,20.9,13.6,16.7,11.1,13.5,5.1,10.1,19.5,29.8,28.6,99,15,14.3,20.7,17.7,27,14.5,15.5,14.2,23.2,6.5,0,10.4,19.6,22.9,66.4,15.2,7.3,25,20.6,15.7,4,8.8,8.2,17.3,7.9,7.9,3.5,22.4,2.8,42.2,18,55.3,3.4,19.1,8.7,31,3.9,195.2,10.1,8.9,53.7,12.8,14.3,23.6,7.7,4.4,11.2,10.2,7.1,15.8,9.5,42.1,33.3,25.1,10.4,45.6,5.8,26.8,18.6,12.7,16.1,8.2,14.9,11.3,14.5,6.7,14.7,7.2,5.3,8,4.5,4.3,25.8,14.9,6,32.6,26.6,11.5,16,52.5,15.5,15.1,2.2,21.4,3.3,9,19.8,19.3,13.5,14.8,11.8,18.3,24.7,33.6,23.4,41.1,9.5,9.5,21.5,6.7,41.2,16.6,14.2,3.3,7,11.4,6.2,27.9,7.4,15.6,4.4,3.5,11,21.6,37.6,6.7,11.9,13.6,19.2,25.5,13.2,33.5,4,11.3,9,30.2,45.3,17.96
2014(F),5.9,2.9,2,4.8,0.8,3.7,2.9,5.8,5.6,1.6,1,2.5,1.8,0.2,6.3,8.8,1.7,6.5,3.2,4.6,3.5,10.7,2.4,1.5,2.9,7.3,7.4,5.7,3.3,8.8,5.9,10.4,7.6,3.3,5.6,1.4,6.2,8.5,1.8,6.1,6,4.2,2.6,4.3,7.2,5.3,4.6,7.6,2.3,4.5,2.3,2.6,8.9,8.9,5.2,16.4,5.5,6.2,6.7,5.7,4.9,6.9,2.6,4.5,2.4,1.7,0.8,2.9,8.3,7.4,13.6,9.3,1,6.3,8.1,11.3,1.3,3.3,3,3.8,2.3,2.4,1,9.1,0.9,8.5,5.5,10,0.8,4.4,3.8,5.2,1.7,46.3,6.9,3.2,8.2,7.4,5.7,4.3,2.4,0.9,6.4,2.5,3.9,3.9,2.3,12.4,6.5,8.4,5.6,9.3,1.3,6.1,3,5.9,5.3,2.2,6.7,4.1,5.5,1.3,5,1.1,2,3.8,1.6,1.2,3.7,4.4,1.8,13.2,3.9,3.6,2.3,9.1,5.6,1.7,0.5,8,1.2,2.4,5.9,5.5,1.4,7.6,4.5,2.8,4.3,2.6,7.4,10.3,3.3,3.2,5.1,3.4,11.7,7.9,6,0.8,3.3,2.6,2.4,7.9,3.5,4.3,1.9,1.3,3.5,3.8,5.3,2.8,3.5,4,5.8,7,5.2,8.9,0.7,4.3,5.2,7.9,21.1,5.10
2013(B),6.2,4.8,2.9,14.2,0,8.5,5.3,10.2,11.5,4.2,3.2,6.2,3.8,0.1,22.8,15.4,6.8,13.8,5.2,6.9,8.2,27.8,5.4,1.8,7.4,16.1,13.8,17.5,6,18.7,10.2,27,15.1,9.2,7.7,3.6,8.5,14.5,6.4,19.5,12.3,10.6,5.1,12.8,9.1,12.8,9,12.1,6.1,9.7,3.8,6.7,13.8,19.2,14.9,62,10.4,10.5,15,12.5,13.6,10.7,8.2,9.2,12.8,4,1.1,6.7,13.2,14.8,40.7,12,3.9,16.1,12.5,14.4,2.7,6.1,5.7,10.5,5.1,5.3,2,16.7,1.9,26.2,11.6,32.3,2.3,11.4,6.3,16.7,3,111.4,8.5,4.8,34,8.8,9.8,13,4.9,2.8,8.8,5.9,5.4,7.8,5.3,27.4,20.4,16.3,8.2,26,3.5,14.4,10.3,9.5,11.6,5.9,10.7,8,10.3,4.8,10,3.5,3.4,5.1,3.2,2.9,15.1,8,5.3,23.8,14.4,8.1,9.9,29.1,10.1,7.7,3.7,14.1,2.2,6.3,12.1,13,7.3,11.3,8.5,9.9,16.2,18.2,15.2,25.1,6.5,6.2,15,5.1,26.5,13,10.7,2,5,6.6,4.2,17.8,5.3,10.1,3.2,2.3,7.4,12.4,18.7,5.9,7.7,8.6,12,14.2,8.9,21.8,2.6,7.5,7.1,17.9,31.4,11.42
2013(M),6.3,6.5,3.6,24.3,0,14.2,7.2,15.3,18,7,5.5,8.3,5.6,0.3,41.8,22.1,11.9,22.3,7,9.3,13.5,49.1,8.6,2.1,12.3,27.4,21,30,9.1,29.5,15,46.1,23.1,15.3,9.5,6,11.2,21.3,11.2,31.4,20.6,17.5,9.1,21.4,11.6,21.3,13.3,16.6,10.2,14.7,5.2,12.3,19.1,30.4,27,110,15.7,14.8,22.5,19.4,24.3,14.6,15,14.1,23.8,6.4,1.8,10.9,19.8,24.1,65.4,15.2,7,26.8,18.5,16.8,4.1,8.7,8.5,16.9,7.9,8.4,3.2,23.9,2.8,45.6,18.9,56.6,3.4,19.1,8.9,30.9,4.2,188.2,10.4,6.4,60.2,12.6,14.3,24,7.3,4.3,11.3,9.2,7.2,12.8,8.9,42.1,34.6,25.3,10.9,47,5.9,26.3,18.9,13.4,16.6,9.8,14.9,12,13.7,6.9,14.7,6.5,5,7.4,4.8,4.4,27,13.2,6.4,34.6,25.7,13.2,17.3,52,15.5,14.1,6.4,20.2,3.2,9,19.9,20.8,13.1,15.2,12,18,27.2,33.8,23.5,40.9,10,9.5,24.5,6.9,42.3,17.9,15.6,3.2,7,10.8,6.1,28.5,7.2,16.1,4.5,3.5,11.2,23.6,34.4,7,12.4,14.2,18.8,23.1,13,34.3,4.5,11.1,9,30,46.4,18.28
2013(F),6,3.2,2.1,5.2,0,3.1,3.7,5.3,5.5,1.6,1.1,2.5,2,0,6.8,8.8,1.8,6.6,3.2,4.6,3.4,10,2.5,1.5,2.9,7.5,7.7,5.8,3.4,9.1,5.5,10.9,7.9,3.4,5.9,1.5,6.1,9,1.7,6.6,4.8,4.2,1.1,4.5,7.3,5.3,4.8,7.6,2.1,4.8,2.3,2.3,8.3,9.1,4.4,20.9,5.7,6.2,7.7,6.2,4,7,2.3,4.6,2.6,1.6,0.5,2.9,8.6,7.6,17.1,9.4,1,7,6.4,12.1,1.3,3.5,3.1,4.3,2.4,2.4,0.9,9.5,0.9,9,5.7,10.2,0.8,4.3,3.9,4.5,1.8,44.2,6.8,3.1,11,5.1,5.7,4.6,2.4,0.9,6.5,2.8,3.9,2.8,2,12.4,7,8.2,5.8,10.6,1.4,4.8,3,5.6,6.8,2.4,6.7,4.3,6.8,1.3,5,0.7,1.9,2.7,1.7,1.5,3.7,3.6,1.8,14.4,4.5,3,2.8,9.1,5.7,1.6,1,7.7,1.3,2.5,6,6,1.4,8,5,2.6,5.5,2.6,7.4,10.3,3.3,3.1,6.7,3.4,11.8,8.1,6.1,0.8,3.2,2.7,2.4,8.1,3.4,4.5,2,1.2,3.9,3.9,5.2,3,3.2,4.2,5.5,6.2,5.1,9.3,0.8,4.2,5.4,8.5,21.3,5.18
2012(B),6.2,4.8,2.9,14.2,0,9,6.4,10.5,11.8,4.3,3.6,6.4,4,0.2,24.6,16.4,7.4,13.9,5.2,6.9,8.1,29,5.3,2.2,8.8,16.1,14.1,18,6.1,19.2,10.1,26.6,15.6,9.9,8.1,3.8,8.6,15.5,6.3,19.7,13.1,10.7,4.9,13.1,9.1,13,9.8,11.9,5.8,10.3,3.8,7,15.5,19.7,17.2,66.3,11.3,10.5,14.9,13.4,14,10.8,7.7,9,13,3.7,1.6,7,12.9,14.7,37.6,12.2,4,18.4,12.5,15.1,2.8,6.2,5.6,11.7,6,5.4,2.1,17,2,27.3,11.7,32,2.3,11.9,6.4,19.4,3,102,8.7,5.6,29.2,9,9.9,13.7,5.2,2.9,8.7,5.1,5.5,9.2,5,27.6,21,17.1,9.2,26.5,3.5,14.5,10.6,8.9,12.3,4.9,10.6,8.3,9.9,4.9,10,3.8,3.5,4.7,3.3,2.9,15.3,8.5,5.8,24,14.6,8.2,10.3,29.8,10.6,8.2,5.3,14.8,2.2,6.4,12.2,13.3,7.3,11.8,9.2,10.2,15.9,18.4,15.3,24.6,6.7,5.6,16.4,5.1,26.8,12.3,10.5,1.9,5.1,7,4.3,18,5.3,8.9,3.2,2.2,7.4,13.2,19,6.1,7.4,8.5,12.1,16.1,9,21.9,3.4,7.5,7.2,18.5,33.1,11.63
2012(M),6.4,6.6,3.7,24.1,0,15,10.3,15.4,19.3,7.1,6.3,8.7,5.8,0.2,45.1,24.5,12.9,22.5,7,9.3,13.3,51,8.3,3,14.4,27.5,21.5,31,9.3,30.8,14.9,45.1,24,16.6,10,6.3,11.4,22.7,10.9,31.8,21.8,17.7,9.1,22.5,11.5,21.6,14.9,16.4,9.7,15.6,5.2,12.4,21.9,31.2,30.9,116.2,16.8,14.6,22.6,20.8,24.9,14.8,14,13.6,24.1,6.2,2.8,11.6,19.3,24.1,60.5,15.3,7.1,30.9,17,17.6,4.2,8.7,8.2,19.1,10.1,8.6,3.3,24.4,2.9,47.7,19.2,55.9,3.3,19.8,8.9,35.9,4.2,172.9,10.7,7.7,52.3,12.4,14.4,24.7,7.8,4.4,11.3,8.7,7.3,14.1,8.3,42.5,35.4,26.4,12.5,47.5,6,26.9,19.2,12.2,18.4,7.5,14.7,12.5,14.2,6.9,14.7,6.6,5.1,6.3,5,4.3,27.7,14.8,7,34.2,25.3,11.8,18.4,53.1,16,15,6.6,21.2,3.2,9.1,20.1,21.4,13.2,15.9,11.6,18.7,27.1,34.2,23.7,39.5,10.4,8.9,26.9,6.8,43,17.1,15.2,3.1,7.1,11.5,6.1,28.7,7.2,13.2,4.6,3.4,11.2,25.1,35.2,7.2,11.8,13.4,18.9,27.1,13.1,34.6,6,11.1,9.1,31.1,50.7,18.61
2012(F),6.1,3.2,2.1,5.4,0,3.4,3.2,5.7,4.8,1.8,1.2,2.6,2.2,0.3,7.3,8.7,1.9,6.7,3.1,4.6,3.4,10.4,2.5,1.2,3.6,7.5,7.9,5.9,3.5,8.7,5.3,11.2,8,3.6,6.4,1.5,6.2,9.7,1.9,6.7,5.4,4.2,0.7,4,7.3,5.5,4.9,7.3,2,5.1,2.5,2.6,8.7,9.3,4.9,23.7,6.3,6.3,7.3,6.6,4.2,7,2.1,4.6,2.7,1.4,0.5,3,8.4,7.5,15.9,9.6,1,7.5,8,12.5,1.4,3.6,3.2,4.4,2.2,2.3,0.9,9.7,1,9.3,5.5,10.2,0.9,4.6,4,4.9,1.8,40.7,6.9,3.3,9,5.5,5.7,5.2,2.5,0.9,6.4,1.5,4,4.5,1.9,12.4,7.2,8.5,6.1,11.1,1.4,4.5,3,5.6,6.5,2.5,6.7,4.4,5.7,1.4,5,0.9,1.8,3.1,1.8,1.5,3.5,3.2,2,15.1,5.2,4.9,2.7,9.4,6,1.7,3.9,7.9,1.3,2.6,6,6,1.5,8.3,6.7,2.5,5.4,2.6,7.3,10.8,3.4,2.6,7.1,3.4,11.6,7.4,6,0.7,3.2,2.9,2.5,8.3,3.4,4.7,2,1.2,3.7,4.3,5.1,3,3.1,4.5,5.4,6.3,5.1,9.3,1,4.2,5.5,8.7,20.9,5.28
2011(B),6.4,7.6,2.9,13.5,0.2,8.4,5.7,10.1,12.3,4.4,3.8,6.9,4.3,0.6,30.2,16.7,7.9,14.1,5.2,7.1,8.4,29.1,5.2,1.7,7.9,15.6,14.5,18.2,6.2,19.4,9.6,27.6,15.9,11,8.8,3.7,8.5,15.3,6.7,19.6,11.8,11.1,3.7,12.9,9.2,13.3,9.7,11.8,5.5,10,3.7,8,16.6,20.2,14.7,66,12.4,10.3,15.7,13.6,15.8,11,7.2,9.3,13.1,3.5,1.6,7.6,12.8,15.1,35.3,12.5,2.6,18.9,10.7,15.5,2.9,6.1,5.5,11.8,5.5,5.1,2.3,18.4,2,28.3,11.8,32.9,2.2,12.3,6.7,18.2,3.1,91.1,8.8,5,31.8,9.3,10.1,14.6,5.2,2.9,8.7,5.7,5.3,8.6,5.4,27.5,21.9,17,9.5,25.9,3.7,16.1,10.7,8.4,11,5.9,10.4,8.7,11.8,5.5,10,4,3.3,4.7,3.5,3.4,15,7.9,6.2,27.9,13.3,5.9,9.9,31.1,10.9,6.9,5.4,14.8,2.1,6.2,12.1,13.2,7.5,11.7,7.9,10.4,15.5,18.5,15.3,24.4,6.6,5.1,17.8,5.3,26,12,10.5,1.8,5.1,7.2,4.3,18.1,5.2,9.2,3.3,2.3,7.8,14.5,18.9,6.3,7.4,9.3,12,15,8.6,21.8,3.8,7.4,7.2,19.8,34.3,11.68
2011(M),6.6,7.3,3.7,22.8,0.2,14,9,15.2,19.4,7.3,6.6,9.2,6.3,1.1,55.3,23.9,13.8,22.9,7,9.5,13.8,50.4,8.2,3.2,13.3,26.7,21.9,31.6,9.5,30.9,14.1,46.3,24.6,18.5,10.7,6.1,11.1,22.4,11.2,31.4,18.9,18.2,6.8,22.2,11.6,22.1,14.5,16.4,9.2,15,5.1,14.4,23.5,31.9,26.7,114.5,18.2,14.3,24.4,21,27.5,15.2,13,14.5,24.3,5.8,3.2,12.7,19,24.6,56.8,15.3,4.4,31.8,16.5,17.9,4.3,8.5,8,19.5,8.9,8.4,3.7,25.9,2.9,49.4,19.4,57.4,3.1,20.2,9.3,33.9,4.2,156.9,10.8,6.7,56.3,13.2,14.8,25.7,7.9,4.4,11.3,10,7,13.6,9,42.5,37,26.6,13,46.6,6.1,29.7,19.2,11.7,16.9,9.5,14.5,13.1,16.9,7.9,14.7,6.8,4.9,6.7,5.1,5.1,27.2,13.3,7.6,40.1,24,9.2,17.4,55.4,16.4,12.5,8.7,21.3,3.1,8.8,20,20.6,13.4,15.7,10.1,19,25.8,34.5,23.7,38.2,10.2,8,29.5,7.1,41.4,16.8,15.5,2.9,7.1,11.6,6.1,28.8,7.1,14.7,4.6,3.5,12,26.9,35.1,7.3,11.6,14.5,18.9,24.7,12.8,34.3,6.9,10.9,9.1,33.4,52.4,18.68
2011(F),6.2,8.2,2.1,5.2,0.2,3.3,3,5,5.8,1.8,1.3,2.9,2.3,0.2,8.6,9.8,2.1,6.8,3.1,4.7,3.4,10.9,2.4,0,2.9,7.4,8.4,5.8,3.5,9.2,5.2,12,8.1,4,7.1,1.5,6.2,9.7,2.3,6.9,5.6,4.5,0.8,4,7.5,5.7,4.9,7.3,1.9,5.2,2.3,2.7,9.1,9.4,4.4,24.8,7.1,6.3,7.1,6.8,5.3,6.9,2.2,4.3,2.8,1.3,0,3.1,8.4,7.8,14.8,10.1,1,7.7,4.8,13.1,1.5,3.8,3.2,4.2,2.3,2.2,0.9,11,1,9.7,5.6,10.3,0.9,4.9,4.3,4.9,1.9,34.9,7.1,3.2,10.5,5.6,5.9,6,2.5,1,6.4,1.4,4,3.8,2,12.3,7.4,8.3,6.3,10.6,1.5,5.1,3.1,5.2,5.3,2.9,6.6,4.5,6.7,1.5,5.1,1.2,1.7,2.7,1.9,1.8,3.4,3.4,2.1,17.4,3.7,2.8,2.8,9.8,6.3,1.5,1.9,7.9,1.2,2.5,5.9,6.5,1.4,8.3,5.6,2.7,6,2.6,7.3,11.7,3.4,2.4,7.5,3.6,11.6,7.2,5.8,0.7,3.1,3,2.6,8.5,3.4,3.9,2,1.2,4,5.2,5.1,3.1,3.4,5.3,5.4,6.5,4.6,9.2,0.9,4.2,5.4,9.2,21.8,5.34
2010(B),6.7,7.6,3,14.2,0.1,8.4,5.9,10.4,12.2,4.5,3.7,7.2,4.8,1.2,29.9,16.5,8.2,14.1,5.2,7,8.3,31.2,5,1.1,8.5,15.8,14.9,18.4,6.3,19.5,10.3,28.1,16,11,9.6,3.9,9,15.8,6.8,20,13.2,11.4,4.6,11.9,9.2,13.5,8.9,11.7,5.4,10.2,3.6,6.4,15.3,20.5,15.4,70.5,13.1,10.1,16.4,13.9,15.8,10.6,7,9.5,13.3,2.7,0.7,8.7,12.5,15.4,36.4,13.2,2.7,19.2,11.8,15.6,2.9,5.8,5.3,11.2,6.6,4.8,2,18.8,2,29.4,11.9,32.7,2.4,12.4,6.8,18.6,3,86.9,8.7,5.4,31.3,9.6,10.2,16,5.3,3.1,8.7,6.6,5.5,7.4,4.7,27,22.4,16.5,9.5,25.3,3.8,18,10.5,8.1,12,5.4,10.4,8.8,10.9,6.1,10.2,4.3,3.3,3.8,3.6,2.9,15.5,8.8,6.4,28,17.6,5.8,10.7,33,11.5,7.6,2.9,14.8,2.2,5.7,12.4,12.4,7.4,12.2,8.2,11.1,15.6,18.6,15.4,26.9,6.6,5.1,21.9,5.2,27.4,12,10.5,1.8,5,7.3,4.2,18.2,5.3,10.6,3.4,2.5,8.7,14.6,20.2,6.4,7,9.8,11.7,14.3,8.3,22.1,3.6,7.3,7.4,19.7,35,11.88
2010(M),6.9,9.5,3.8,23.9,0.3,14.3,9.9,15.9,19.6,7.4,6.4,9.6,7.1,2.2,55.1,24,14.3,22.9,7,9.4,13.7,55.1,7.9,1.7,13.8,26.9,22.4,32,9.6,30.9,15.1,47.1,24.8,18.3,11.5,6.5,11.8,22.8,11.7,31.5,21.5,18.6,7.5,20.4,11.5,22.3,13.1,16.2,9,15.1,4.8,11.7,20.8,32.5,27.6,119.1,19.1,13.8,25.1,21.2,27.4,14.7,12.7,14.8,24.4,4.9,1.7,14.6,18.5,25.3,57.7,16,4.5,32.6,18.2,18,4.4,7.8,7.7,17.5,11,7.8,3.1,27.4,3,51.3,19,57.1,3.4,20.6,9.4,35.6,4.2,152.7,10.6,7.2,56.1,14.4,14.8,27.7,7.9,4.7,11.2,12,7.2,12,8,41.8,37.8,25.7,12.9,45.8,6.2,32.3,18.6,11.5,17.5,8.9,14.4,13.2,15.1,8.8,14.9,7.6,4.9,5.4,5.4,4.3,28,14.4,7.9,39.2,32,8.6,18.5,59,17.2,14,5.2,21.4,3.2,8.1,20.5,20,13.4,16.4,10.8,20.1,26.7,34.5,23.9,41.9,10.2,8.1,33.6,6.9,43.7,17.2,15.1,2.9,7,11.7,5.9,29,7.3,16.9,4.7,3.7,13.7,27.2,37.3,7.5,10.8,15.6,18.5,23.3,12.6,34.8,6.3,10.7,9.3,33.3,51.6,18.98
2010(F),6.4,5.9,2.2,5.6,0,3.1,2.9,4.9,5.5,1.9,1.3,3,2.5,0.3,8.3,9.2,2.1,6.8,3.2,4.7,3.5,10.5,2.4,0.6,3.6,7.6,8.7,5.9,3.6,9.4,5.5,12.3,8,4.2,7.8,1.5,6.5,10.4,1.9,7.7,5.9,4.8,1.9,3.9,7.5,5.8,4.9,7.3,1.8,5.4,2.5,2.1,9.7,9.6,4.6,29.1,7.6,6.4,7.8,7.2,5.6,6.8,2.1,4.5,3,0.6,0,3.4,8.2,7.9,15.8,10.8,1,7.6,5.3,13.2,1.5,3.8,3.2,4.9,2.4,2.1,0.9,10.3,1,10.1,6.2,10.3,1,4.8,4.4,4,1.9,30.7,6.9,3.6,9.6,4.9,5.9,7,2.5,1,6.4,1.1,4.1,3,1.7,12.1,7.7,8.2,6.5,10.2,1.7,6.4,3,4.7,6.8,2.4,6.6,4.7,6.6,1.6,5.2,1.1,1.8,2.2,2,1.5,3.7,4.2,2.1,18.6,5,3.2,3.4,10.3,6.7,1.6,0.5,7.8,1.3,2.1,5.9,5.6,1.5,8.4,5.7,3.1,5.1,2.6,7.3,13.1,3.5,2.2,11.5,3.5,12.1,6.8,6.2,0.7,3,3.2,2.5,8.5,3.5,4.5,2.1,1.3,4,5.3,5.5,3.1,3.2,5.2,5.2,6.4,4.3,9.5,1.1,4.2,5.5,9.2,23.9,5.45
2009(B),6.8,8,3.2,13.6,0,8.4,4.1,10,11.9,4.6,3.4,7.7,5.1,1.1,30.4,16.7,7.5,14.2,5.4,7,8.5,32.1,5.2,1.6,8.5,15.7,15.2,18.4,6.4,20,10.2,28.5,15.8,12.1,10.1,4.2,8.6,16.3,5.6,19.4,13.2,11.1,4,11.8,9.1,13.6,9.8,11.5,5.6,10.8,3.6,9,13.9,20.9,19.2,75.1,13.7,10.2,17.9,14.1,15.9,10.9,7.4,9.1,13,2.9,0.5,9.5,11.9,15.6,36.3,12.8,2.7,19.5,12.9,15.6,3,5.7,5.1,13.3,5.9,4.9,2.4,19.5,2.1,29.6,12.1,33,2.7,12.8,7,21.7,3,84.6,8.6,5.7,33.1,8.9,10.2,15.9,5.5,3.3,8.9,6.1,5.6,8.6,4.8,27,22.7,17.2,9.7,24.6,3.9,18.4,10.5,7.8,10.9,5.5,10.2,9,11.4,6,10.3,5.1,3.2,4.7,3.4,2.8,16.1,8.7,6.7,28.8,17.1,8.1,10,33.3,12.1,7,2.7,13,2.3,5.2,12.4,14.8,7.3,11.9,9,10.5,16.8,18.7,16,29.2,6.7,5.6,22.7,5.2,26.5,13.1,12.1,1.8,4.9,7.3,4.4,18.5,5.1,10.4,3.4,2.5,9.6,15.5,21.8,6.6,7.2,10.6,11.4,13.4,8.2,22.5,3.4,7.3,7.6,19,35.2,12.08
2009(M),7,10.2,4,23,0,14,7.8,15.2,19.2,7.6,5.8,10.3,7.4,2.2,55.7,24.4,13,23.1,7.2,9.4,14.1,55.2,8.4,2,14,26.4,22.8,32.3,9.7,31.6,15.5,47.8,24.6,20,11.9,6.8,11.2,23.5,9.5,30.6,22.8,17.6,6.8,20.5,11.4,22.6,15.4,15.9,9.4,16.1,4.7,16.8,18.5,33,35.2,125.1,19.6,13.6,26.5,21.7,27.5,15,12.8,14.4,23.8,5,1.4,16,17.6,25.7,53.7,15.4,4.6,33,18.1,18.4,4.5,7.6,7.4,21.5,9.4,7.8,4,28.6,3.1,51.3,19.6,57.6,3.7,21.3,9.6,39.4,4.1,148.1,10.4,7.4,60.6,13,14.9,27.3,8.2,5.2,11.5,11,7.3,13.8,8.1,41.8,38.2,26.8,12.9,44.6,6.3,32.6,18.4,11.1,17,8.5,14.1,13.4,16.3,8.8,15.1,8.7,4.7,7,5,4.1,28.7,14.5,8.2,39.1,31,12.7,17.8,59.5,18,12.8,4.7,18.7,3.3,7.6,20.6,23.2,13.3,16.3,12.6,20,27.5,34.7,24.8,45.8,10.3,9,38,7,41.9,18.5,18,2.9,7,11.5,6.1,29.4,7,17.1,4.8,3.7,15.2,28.6,40.5,7.6,11.3,16.6,18.1,22.7,12.5,35.2,5.9,10.7,9.6,32.6,48.3,19.27
2009(F),6.6,5.8,2.3,5.4,0,3.2,1.4,4.8,5.2,1.9,1.2,3.2,2.6,0.2,8.9,9.3,2,6.8,3.3,4.7,3.5,12.2,2.3,1.1,3.5,7.7,9,6.1,3.7,9.6,5,12.4,7.9,4.8,8.4,1.7,6.2,10.7,1.7,7.3,4.7,4.9,1.2,3.6,7.5,5.9,4.4,7.2,2,5.5,2.4,2.4,9.6,9.8,4.9,33.1,8.2,6.7,9.4,7.2,5.7,6.9,2.7,4.2,3.1,0.8,0,3.7,7.9,8,19.5,10.6,1,7.9,7.6,12.8,1.5,3.8,3.1,5.1,2.6,2.2,0.9,10.5,1.1,10.4,6.2,10.4,1.1,4.9,4.6,6.5,1.9,30.8,6.9,3.9,9.3,5.1,5.9,7,2.6,1.1,6.6,1.3,4.1,3.5,1.8,12.1,7.8,8.6,6.7,9.7,1.8,7,3,4.5,5.1,2.9,6.6,4.8,6.5,1.5,5.2,1.5,1.7,2.5,1.9,1.5,4.3,3.7,2.2,20.2,4.8,3.8,2.9,10.4,7.1,1.5,0.6,7.1,1.3,1.9,5.8,7.2,1.5,8.1,5.4,2.1,6.4,2.7,7.5,13.9,3.5,2.5,8.7,3.5,12.1,7.7,6.6,0.7,2.9,3.3,2.8,8.6,3.2,4,2.2,1.3,4.3,5.7,5.7,3.2,3.1,5.8,5,5.3,4.2,9.7,1.1,4.3,5.8,8.4,26.9,5.58
2008(B),7.2,8.1,3.3,15.3,0.2,8.6,4.2,10.4,11.7,4.8,3.4,8.3,5.3,0.7,30.6,16.6,5.7,14,5.5,7,8.7,36.1,5.2,1.8,9.2,15.7,15.7,18.3,6.7,20.1,9.9,27.3,15.7,11.8,10.6,4.3,9,16,5.5,19,13.4,10.4,5.6,11.3,9.2,13.4,10,11.4,5.6,10.8,3.5,7.3,13.9,21.3,16.2,75.8,14.2,10.2,18.1,14,17.3,11.2,6.5,9.1,12.9,2.6,2.1,9.9,11.7,15.5,33.7,12.6,2.8,19.1,13.3,16.3,3.1,5.7,4.9,11.4,5.1,4.9,2.3,19,2.2,33.8,12.8,33.4,2.9,13.2,7.2,21.7,3,77.8,8.6,5.4,32.6,10.8,10.3,15.2,5.4,3.5,8.9,5.6,5.6,6.4,4.6,27,22.9,17.3,9.8,23.1,3.9,19.7,10.2,7.4,11.9,5.6,10.1,9.1,10.6,6.3,10.5,5.6,3.3,3.9,2.9,2.4,14.4,8.6,6.8,24.4,16.8,7.9,9.5,35.4,12.9,7.9,4.3,14.9,2.4,4.9,12.7,14,7.7,11.8,8.8,10.5,15.6,18.7,16,29.4,6.9,5.8,17.5,5.2,26.7,12.4,13.5,1.8,4.9,7.4,3.4,18.9,4.7,12.8,3.5,2.5,11.7,16.1,25.9,6.7,7.3,11,11.4,13.5,8.9,21.7,3.7,7.4,7.8,19,31.7,12.07
2008(M),7.4,10.5,4.2,25.5,0.5,14.5,6.8,16.3,18.8,7.9,5.8,11.2,7.7,1.3,56.4,24.6,9.7,22.7,7.3,9.5,14.5,58.8,8.4,2.5,14.8,26.3,23.4,32.4,10,31.9,14.7,46.1,24.5,19.4,12.4,7.1,11.9,23.3,9.4,30.3,22.5,16.5,8.4,19.2,11.4,22.2,14,16,9.4,16.3,4.7,13,19.2,33.7,28,125.4,20.3,13.8,27.9,21.4,29.5,15.5,11.6,14.2,23.4,4.4,3.9,16.9,17.4,25.3,52.5,15.1,4.8,32.6,18.9,19.5,4.6,7.5,7,17.4,8.7,7.6,3.8,27.6,3.2,58.8,20.8,58.6,4.1,22.2,9.9,39.4,4.1,133.8,10.1,7.3,59,15.6,15,26.2,8.1,5.5,11.4,9.9,7.2,11.1,7.7,41.9,38.9,27,13,42,6.3,35.3,17.8,10.5,18,9,13.9,13.7,14.7,9.4,15.4,9.3,4.9,5.5,4.2,3.7,25.8,14.3,8.3,33.4,29.8,12.2,16.4,63.5,19.1,14.5,8,21.7,3.5,7.1,21,21.4,14,16.3,12,19,25.8,34.7,24.8,46.2,10.6,9.2,28,6.9,42.2,17.6,18.5,3,7,11.7,4.8,30,6.3,21.2,4.8,3.8,19,29.8,48.3,7.8,11.4,17.1,18.1,22.5,13.7,34.2,6.5,10.6,9.8,32.8,42,19.18
2008(F),6.9,5.8,2.4,6.1,0,3.3,2.3,4.6,5.4,2,1.2,3.4,2.7,0.2,8.6,8.8,1.7,6.6,3.5,4.7,3.5,16.5,2.4,1.1,4.1,7.9,9.3,6.1,3.9,9.7,5.1,11.6,7.8,4.6,9,1.8,6.4,10.3,1.6,6.7,5.5,4.7,2.7,4,7.6,5.8,6.2,7.1,1.9,5.5,2.4,2.6,8.8,9.9,6,34.6,8.7,6.6,8.5,7.2,6.6,7.1,2.2,4.3,3.2,0.9,0.7,3.7,7.7,8.1,15.3,10.5,1.1,7.7,7.8,13.1,1.6,3.9,2.9,5.5,1.7,2.3,0.9,10.6,1.2,11.5,6.3,10.4,1.2,4.8,4.8,6.7,1.9,30.7,7.3,3.4,9.4,6.2,5.9,6.7,2.6,1.1,6.6,1.1,4.1,1.9,1.7,12,7.6,8.6,6.8,8.8,1.9,7,3,4.5,6.1,2.7,6.6,5,6.5,1.5,5.4,2,1.7,2.4,1.6,1.1,3.8,3.8,2.3,17,5.3,4.2,3.1,10.7,7.7,1.7,0.5,7.7,1.4,1.7,5.9,7.3,1.6,8,5.8,2.8,6.2,2.7,7.6,13.9,3.5,2.6,8,3.5,12.1,7.2,8.8,0.7,2.8,3.4,2.1,8.9,3.2,4.6,2.2,1.3,4.8,5.8,6.5,3.3,3.2,6.2,5,5.6,4.3,9.1,1.1,4.4,5.9,8.2,25.5,5.64
2007(B),7.4,8.1,3.5,15,0.3,8.2,5,9.8,12.2,5,3.3,8.7,5.5,1.3,30.9,15.1,6.7,14.3,5.7,7.2,9.4,37.4,5.1,2.2,8.6,15.9,16.5,18.1,6.9,20.4,9.9,27.7,15.9,10.6,11.1,4.3,8.9,16.6,5.6,20.3,13.4,9.9,2.8,11.2,8.9,13.4,9.5,11.5,5.7,10.5,3.5,8.5,14.2,20.8,17.5,74.1,14.5,10.1,17,13.8,16,11.2,5.2,8.9,12.4,2.5,1.9,10.4,11.7,15.5,35.1,12.6,2.9,18.9,13.5,16.7,3.2,6,5,10.8,5.2,4.7,1.9,19.1,2.4,37.2,13,32.8,2.6,13.7,7.4,17,3,61.3,8.7,5.1,29.9,11.2,10.4,15.4,5.3,3.6,8.7,4.6,5.7,10,4.3,27,23,17.6,9.9,21.8,4.2,23.7,10,7.1,11.7,5.4,10.2,9.2,10.6,6.5,10.7,5.2,3.3,4.2,2.8,2.2,13.3,8.3,7.2,23.2,15.3,8.1,9.4,36.3,13.7,7.2,8.3,15.1,2.4,4.6,12.5,14.4,7.6,11.7,9.4,11.7,17,18.1,15.9,27.4,7,5.4,20.1,5.2,27,11.9,14,1.8,4.8,7.7,3.7,19,4.8,10.5,3.6,2.6,13.6,17.7,26.4,6.8,6.7,10.4,11.2,15.8,9.3,22,4,7.2,7.7,19.8,27.2,12.02
2007(M),7.7,10.5,4.4,25.2,0.7,13.7,8.3,14.9,19.5,8.2,5.6,11.8,8,2.5,57,22.1,11.5,23.2,7.4,9.7,15.5,60.5,8.1,3,13.6,26.5,24.5,32.5,10.2,32.4,14.7,46.6,24.9,17.7,12.7,7,11.7,24.2,9.5,32,21.7,16.2,4.2,19.5,11,22.2,13.2,16.1,9.5,15.6,4.7,15.7,20.1,33.3,32.5,122.1,20.6,13.8,26.1,21,27.1,15.5,9.1,14.1,22.5,4.1,3.3,17.7,17.1,25.3,54.9,14.9,4.9,32.2,17.9,19.9,4.8,7.8,7.3,16.9,8.6,7.5,3,27.9,3.3,65.8,21.1,57.5,3.5,23.2,10,30.9,4,108,10.3,6.9,54.3,16.7,15.1,26.6,7.9,5.6,11.2,8,7.4,15.1,7.3,41.9,38.9,27.5,13,39.9,6.7,41.9,17.4,10,18.2,8.7,14,13.7,15.1,9.8,15.6,9.1,4.9,6,4.1,3.3,23.6,13.2,8.7,31.8,27.9,12.1,16.2,65.1,20.2,13.1,15.3,22.1,3.5,6.7,20.7,22.6,13.9,16.1,11.8,21.1,27.4,33.5,24.5,43.4,10.8,8.4,32.6,6.9,43,16.8,19.7,2.9,6.9,12.1,5.1,30,6.5,17.6,4.9,4,22.5,32.2,49.3,7.9,10.6,16.5,17.7,25.6,14.4,34.4,7,10.3,9.8,33.4,36.3,19.09
2007(F),7.1,5.7,2.5,5.9,0,3.2,2.4,4.8,5.5,2.1,1.3,3.5,2.8,0.2,8.7,8.2,1.9,7,3.7,4.8,3.9,17.8,2.3,1.4,4.2,8.1,10,6.1,4.2,9.8,5.1,11.9,7.8,4,9.6,1.8,6.3,10.8,1.9,7.3,6,4,1.4,3.5,7.5,5.9,5.9,7.2,1.9,5.6,2.4,2.5,8.3,9.5,4.6,34.7,8.9,6.2,8,7.3,6.4,7.2,1.9,4.2,3.2,0.8,0.6,3.9,7.7,8,15.8,10.7,1.2,7.5,9,13.4,1.6,4.2,2.9,4.6,2,2.2,0.8,10.5,1.4,11.7,6.4,10.3,1.1,4.9,5,5.6,2,22.4,7.3,3.3,8.5,6.2,6,6.6,2.6,1.1,6.6,1.2,4.3,5.2,1.6,12,7.7,8.6,7,8,2.1,8.9,2.9,4.1,5.5,2.4,6.7,5.1,6,1.6,5.6,1.2,1.8,2.4,1.6,1.1,3.7,4.3,2.6,16.5,4.3,4.2,3.2,10.9,8.2,1.6,1.1,7.6,1.5,1.6,5.9,7,1.6,7.8,7.1,3.2,7.5,2.4,7.5,12.6,3.6,2.7,8.7,3.6,11.9,7.1,8.7,0.7,2.8,3.6,2.3,9.2,3.2,3.7,2.3,1.4,5.3,6.7,6.5,3.4,2.9,5.6,4.9,7.2,4.4,9.3,1.3,4.5,5.8,9.2,21.8,5.62
2006(B),7.6,7.8,3.7,17.1,0.4,8.5,5.4,9.5,12.5,4.9,3.6,7.8,5.6,1.3,34.8,16.6,7.2,14.6,5.9,7,8.8,40.9,4.9,2.4,9.5,15.9,17.5,18.2,6.9,20.9,9.6,28.1,15.6,9.7,11.9,4.3,9.1,17.2,8.4,20.5,13.7,10.6,3.2,11.5,9,13.9,11.2,11.7,5.6,10.4,3.6,7,14.4,21.2,16.8,64.9,14.9,9.9,18.2,14.4,16.3,11.4,5.3,9.3,12.3,2.9,4.9,13.3,11.1,15.5,35,12.1,3,19.2,11.3,17.1,3.2,5.7,5.2,10.2,5.5,4.7,1.6,18.4,2.6,37.2,12.7,31.5,2.7,14.4,7.6,19.1,2.7,55.4,8.5,4.5,29.7,12.8,10.6,14.8,5.5,3.8,8.7,5.8,5.8,9,4.3,27.4,23.4,19.2,9.9,21.6,4.4,24.5,9.7,8.1,12.6,5.3,10.1,9.2,11.6,6.5,11,6,3.2,4.6,2.9,2.5,14.5,7.9,6.1,20.8,17.5,8.5,10.6,39.1,14.3,7.7,6.2,15.3,2.2,4.3,13,15,8.1,11.7,9.9,12.2,21,16.8,16.2,26.5,7.1,5.6,18.4,5.3,27.3,12.1,13.9,1.8,4.7,8.3,3.9,19.2,4.7,10.7,3.7,2.8,15.5,20.1,25.6,6.9,6.9,10.3,11,13.8,9.6,22.2,4.3,7,7.8,21.8,22,12.16
2006(M),7.8,10.1,4.6,28.4,0.9,14.5,8.7,14.6,20.5,8,6,10.5,8.1,2.7,64.1,24.2,12.4,23.5,7.5,9.6,14.5,67.3,7.8,3.7,15.8,26.4,25.8,32.9,10,32.9,14.5,47.3,24.7,16.8,13.4,7,11.8,25,14.2,32.4,21.6,17.4,4.4,19.6,10.9,23.1,16.1,16.6,9.4,15.1,4.7,12.7,20.7,33.8,29.4,104.2,21,13.4,28.2,21.8,27.3,15.6,9.5,14.5,22.3,4.8,8.9,23.5,16.1,25.4,54.8,14.2,5,31.8,15.7,20.2,4.8,7.2,7.4,16.2,8.5,7.4,2.6,26.9,3.4,65.8,21,54.9,3.7,24.3,10.2,35.9,3.4,95.6,10.1,6.3,53.6,20.2,15.4,25.9,8.2,5.9,11,10.6,7.5,14.2,7.4,42.6,39.2,30,12.9,39.3,7,42.7,17,11.3,19,8.9,13.8,13.5,16.9,9.7,16,11.2,4.7,6.4,4.1,3.9,25.9,13.3,7.6,30.2,32.5,13.3,18.4,70.5,21.1,14.1,10.7,22.5,3.2,6.3,21.4,23.2,15.1,16.3,12.5,22.2,34.9,31.3,25,42.3,11,8.9,29.9,7,43.7,16.2,19.1,2.8,6.8,13,5.4,30.1,6.4,17.4,5,4.3,25.6,35.9,47.8,8.1,10.8,16.5,17.5,21.9,15,34.6,7.5,9.9,9.8,35.6,28.5,19.32
2006(F),7.3,5.7,2.7,6.8,0,3.3,2.9,4.5,5.3,2,1.4,3.4,3,0.2,9.5,9.2,2.1,7.2,3.9,4.6,3.7,18.5,2.2,1.1,3.8,8.3,10.8,6.2,4.3,10.3,4.7,12.3,7.5,3.2,10.5,1.9,6.6,11.2,2.7,7.3,6.6,4.2,2,4,7.5,6,6.7,7.2,1.9,5.8,2.5,2.1,8.2,9.6,5.8,33.1,9.2,6.3,8.4,7.6,7,7.3,1.8,4.5,3.2,1,1.6,4.3,7.4,7.9,15.8,10.5,1.2,8.4,6.7,14,1.7,4.1,3,4.2,2.6,2.2,0.7,10.2,1.7,11.7,6,10.1,1.2,5,5.2,4.8,1.9,22.1,7,2.6,9.2,6,6.1,6.1,2.7,1.2,6.6,1.2,4.3,4.1,1.3,12.2,8.2,9.3,7.1,8.2,2.2,9.7,2.8,5,6.6,2.1,6.6,5.1,6.4,1.8,5.7,0.8,1.7,2.8,1.8,1.1,3.9,3.4,2.3,13,4.9,4.1,3.4,11.4,8.6,1.7,1.6,7.5,1.3,1.5,6.2,7.7,1.7,7.6,7.2,3.1,8.4,2.1,7.6,12,3.6,2.5,7.9,3.7,11.8,8.1,9.1,0.7,2.7,3.8,2.4,9.4,3.2,4.2,2.4,1.5,5.9,8.1,6.5,3.6,3.1,5.3,4.7,6.9,4.5,9.5,1.3,4.5,5.9,11,18.2,5.69
2005(B),7.6,7.7,3.8,16.3,1.3,8.5,3.8,10.1,13.3,4.7,3.2,9.6,5.6,2.2,37.2,16.7,7.1,14.7,6,7.4,9,43.4,5,1.9,9.6,15.9,17.9,18.5,6.8,20.6,10.6,27.2,15.6,9.5,12.8,4.3,9.1,17.4,6.7,20.3,15,11.1,2.3,12.6,9,14.1,11.1,12,5.6,10.3,3.6,8.2,14.1,20.9,19.1,60.1,15.3,10.2,16.9,14.8,15.7,11.4,5.5,9.8,12.2,2.9,3.2,14.2,10.4,15.6,35.6,12,3,20.5,10.8,17,3.3,6,5.1,11,6.6,4.8,1.6,18.8,2.8,38.6,12.9,32.5,2.7,14.5,7.7,22.1,2.9,46.7,8.3,4.6,36.9,10.9,10.7,14.3,5.7,3.8,8.8,4.4,5.7,8.7,4.4,27.6,23.9,18.7,10.1,21.4,4.5,24.7,10,8.3,12.5,6.1,10.1,9.2,11.4,6.2,11,5.3,3.2,4.6,3,2.4,15.2,7.9,6.3,24,17.1,7.7,10.2,43.6,15,7.4,9.8,15.3,2.1,4.1,13.3,15.6,8.4,10.9,10,11.6,20.6,16.8,16.6,27.5,7.1,6,28.6,5.4,27,12.7,14.1,1.8,4.7,8.5,4.3,18.8,4.8,12,3.7,3,15.8,20.8,28.3,6.8,6.9,10.3,10.7,13.3,10.2,21.4,4.8,6.9,8,22.1,22,12.38
2005(M),7.8,10.2,4.8,27.1,2.9,14.2,6.4,15.9,21.2,7.7,5.3,13.2,8,3.6,68.9,25,12.2,23.7,7.7,10.2,14.9,71,8,3,15.1,26.3,26.3,34.3,9.7,32.3,15.9,45.8,24.8,16.3,14.5,7,11.9,25.7,11.5,32.7,24.4,16.9,3.4,21.6,10.9,23.5,16.2,16.9,9.2,15.2,4.7,14.7,20.9,33.7,34.1,95.5,21.5,13.5,25.1,22.6,26.9,15.8,9.5,15.4,22,4.7,6,25,15.1,25.7,57,13.9,5,35,14.1,19.8,5,7.5,7.3,17.3,10,7.5,2.5,27.9,3.6,68.7,21.4,56.9,3.6,24.6,10.3,39.7,3.7,82.7,9.8,6.4,66.7,17.5,15.5,25.4,8.5,6,11,6.8,7.4,13.4,7.6,43.1,39.9,29.1,13.1,38.6,7,43.7,17.5,11.5,19.2,10.7,13.8,13.5,15.5,9.3,15.9,9.1,4.7,6,4.2,3.7,27,13.1,8.1,34.5,31,11.6,17.6,78.9,22.3,13.6,17.5,22.5,3.1,6,21.7,24,15.8,15.3,13.9,20.9,34.2,31.2,25.6,43.4,11,9.3,39.9,7.1,43.2,17.3,20.2,2.9,6.7,13.4,5.9,29.5,6.5,19.8,5,4.6,26.6,37.4,53,7.9,10.6,16.6,17.1,21.8,16.2,33.7,8.3,9.6,10,35.8,32.1,19.68
2005(F),7.4,5.2,2.8,6.5,0,3.5,1.8,4.4,6.3,2,1.3,3.8,3,0.8,10,8.8,2.1,7.3,4,4.8,3.6,20.1,2.2,0.9,4.6,8.3,11.2,6.1,4.4,10.2,5.3,11.9,7.6,3.2,11.4,2,6.6,11.1,1.9,6.7,7,5.7,1.2,4.3,7.6,6,6.3,7.5,2,5.6,2.5,2.7,7.3,9.3,5.7,31.7,9.6,6.8,9.1,7.8,6.1,7.2,2,4.7,3.2,1.2,0.8,4.6,7,8,15.1,10.5,1.2,8.1,7.5,14.2,1.7,4.4,3.1,4.5,3.5,2.3,0.7,9.9,1.9,11.8,6,10.2,1.3,5.1,5.5,6.7,2,17.2,6.9,2.6,10.9,5,6.1,5.6,2.8,1.3,6.8,2.1,4.3,4,1.4,12.3,8.6,9.3,7.2,8.3,2.3,9.3,2.9,5.2,6.1,2.1,6.7,5.2,7.4,1.7,5.7,1.6,1.7,3.3,1.8,1.2,4.2,3.5,2,15.3,4.9,4.1,3.2,12.5,8.8,1.6,2.4,7.5,1.3,1.4,6.4,8.4,1.7,7.1,6.5,3.1,8.2,2.1,7.9,12.7,3.6,2.8,18.4,3.8,11.7,8.2,8.5,0.7,2.8,3.9,2.8,9.1,3.2,4.6,2.4,1.5,5.7,8.3,7,3.7,3.4,5.3,4.6,6,4.6,8.9,1.5,4.6,6,11.4,15.2,5.80
2004(B),7.8,4.9,4,17.2,2,8.7,3.6,9.2,13.6,4.5,3.3,9.8,5.6,1,36.1,16.7,8.8,14.8,6.1,7.5,8.4,40.9,4.7,1.8,10.5,15.8,18.5,18.3,6.6,19.4,10.3,28,15.7,10,13.4,4.7,9.3,18.3,8.4,21.2,15.1,12,0.8,13.1,9.2,14.2,11.1,12.1,5.3,9.4,3.7,7.3,14.6,20.9,23.1,57.9,15.8,10,18.9,15.3,15.2,11.6,6.4,10.4,11.9,2.5,4.9,13.9,10.4,16.2,37.3,11.7,3,21.6,11.5,16.8,3.5,6.5,5.2,11.1,6.1,5.1,1.7,18.4,3,39.3,12.2,32,2.7,14.2,7.8,22.1,2.9,47.1,8.5,4.7,38.1,9.8,10.9,15,5.8,3.8,8.6,4.9,6,8,4.3,27.1,23.9,18.4,10.2,21.1,4.6,23.4,9.8,8.1,12.2,6.4,9.8,9.3,11.7,6.1,11.2,6.1,3.2,4.6,3.1,2.2,15.2,7.5,6.6,23.1,16.6,9.4,10.8,43.9,16.2,7.3,5.8,15.1,2.2,3.9,13.4,16.7,9.3,11,10.3,11.9,22.3,16.5,16.8,27.9,7.2,6.4,22.1,5.3,26.6,11.9,13.6,1.8,4.6,9.9,4.4,18.7,5,12.6,3.8,3.2,15.2,20.5,28.4,6.8,7.2,10.9,10.8,13.9,9.8,21.9,5.1,7,8.1,22.5,21.5,12.42
2004(M),7.9,6.7,5,28.6,4.3,14.5,6.1,14.6,22.3,7.4,5.6,13.6,8,0.7,66.7,24.9,15.3,23.9,7.8,10.4,13.7,67.3,7.6,2.9,16.8,26,27.2,34,9.3,30.5,15.4,46.8,24.8,17.6,15,7.6,12.2,27.4,14.5,33.9,24.6,18.5,1.3,22.6,11.2,23.9,15.6,17.1,8.7,13.6,4.8,12.9,22.1,33.8,41.4,92,22.1,13.1,29.4,23.1,26,16.1,11.3,16.4,21.5,4.1,9.3,24.6,15.1,26.6,59.2,13.7,5,36.5,16.1,19.5,5.2,8.1,7.3,18.4,9.9,8.2,2.7,27.4,3.8,70.2,20.2,55.9,3.6,24.2,10.3,40.4,3.7,82.2,9.8,6.6,67.8,16.2,15.7,26.3,8.7,5.9,10.7,7.3,7.8,12.5,7.4,42.3,39.6,28.2,13.3,37.8,7.2,42.2,17.4,11.3,19.2,10.8,13.3,13.6,15.9,9.3,16.2,10.2,4.7,6.5,4.4,3.4,27.1,12.3,8.7,34.1,30,13.4,18.8,79.7,24.3,13.3,10,22.3,3.3,5.8,21.9,26.6,17.6,15.4,13.5,20.7,33.8,30.7,26,43.8,11.2,10,35.5,7,42.4,17.4,19.2,2.9,6.4,15.5,6,29.3,6.8,21,5.1,4.9,25.4,37.1,53.1,7.9,11.1,17.3,17.2,23.3,15.5,34.3,8.7,9.6,10.2,35.8,30.1,19.78
2004(F),7.6,3.1,2.9,6.8,0,3.5,1.8,3.9,6.1,1.9,1.3,3.8,3,1,9.7,8.8,2.5,7.4,4.2,4.8,3.7,18.6,2.1,0.6,4.9,8.4,11.5,6.1,4.4,9.5,5.2,12.4,7.5,3,11.9,2.2,6.8,11.3,2.3,7,7.3,5.9,0.4,4.3,7.8,6,6.9,7.6,2,5.5,2.6,2.7,7.2,9,7.1,30.7,9.9,7.1,8.6,8.3,6.1,7.3,2.4,4.8,3.2,0.9,0.9,4.5,7,8.2,16,10,1.2,8.8,6.9,14.2,1.8,4.7,3.1,3.7,2.6,2.4,0.8,9.6,2.1,11.9,5.7,10.3,1.3,4.8,5.6,6.7,2.1,18,7.3,2.6,12.3,4.2,6.3,5.9,2.8,1.4,6.7,2.5,4.5,3.8,1.4,12.1,8.9,9.7,7.4,8.3,2.4,8.2,2.7,5,5.7,2.7,6.6,5.2,7.6,1.8,5.9,2,1.7,2.9,1.9,1.1,4.2,3.4,2,13.8,5.1,5.5,3.2,12.5,9.2,1.6,1.4,7.4,1.2,1.3,6.4,8.2,1.7,7.1,7.5,3.8,11.5,1.8,7.9,13.3,3.7,3.1,9.6,3.6,11.7,6.5,8.6,0.7,2.7,4.5,2.8,9.2,3.3,4.5,2.5,1.6,5.6,7.9,7,3.8,3.5,5.7,4.7,5.8,4.5,9.3,1.6,4.7,6.2,11.9,15.7,5.79
2003(B),7.7,4.9,4.1,17.5,1.4,9.7,2.5,9.6,14.2,4,2.5,9.9,5.8,0.8,37.1,17.9,8.2,14.8,6.4,7.7,8.5,40.3,4.7,1.6,11.2,15.8,19.4,18.1,6.5,19.5,10.9,29.1,16,9.7,13,4.8,9.8,18.4,8.1,21.7,15.1,12,2.1,13.7,9.4,14.4,10.3,12.1,5.3,8.9,3.7,7.2,15.3,20.7,22.3,55.4,16.3,10.5,18.9,15.7,16.6,11.5,5.7,10.8,11.4,2.7,2.6,13.9,10.2,16.3,38.1,12,3,21.8,12,17.3,3.6,6.8,5.2,11.3,6.4,5.3,1.9,19.5,3.1,39,13.2,32.5,2.7,15.2,8,24.5,2.9,45.7,8.3,5.3,40.2,12.9,11,15.7,5.9,4.6,8.6,4.5,5.9,7.6,4.3,26.3,23.8,18.3,10.3,20.9,4.7,25.5,10,8,13,6.7,10,9.2,11,6.4,11.3,6.3,3.1,3.7,3.2,2.3,14.9,8.7,6.9,22.3,17.1,8.3,11.6,45.4,18.4,7.7,6.4,15.6,2,4,13.6,17,9.1,11,11.1,13,23.1,17.6,16.6,28.7,7.3,6.4,21.2,5.4,27.4,11.7,13.8,1.8,4.6,10.2,4.7,18.6,5.1,12.9,3.9,3.3,15.3,20.4,29,6.8,7,11.9,10.6,14.2,10.4,22.5,5.6,7,8.1,21.5,20.2,12.59
2003(M),7.8,6.6,5.2,29.1,3.2,16.4,4.3,15.1,22.5,6.7,4.3,13.9,8.3,0.6,69.1,27,14,23.9,8.1,10.8,13.9,66.2,7.6,2.8,17.9,25.9,28.5,33.5,9,30.6,16.7,48.3,25,17,14.6,7.4,12.8,28.1,14,34.4,25.9,18.4,2.9,23.3,11.3,24.4,15.7,17,8.8,12.8,4.8,12,23.5,33.8,40.1,87.9,22.8,13.5,29.5,24.2,28.3,15.9,9.8,16.9,20.5,4.4,4.8,24.4,14.7,26.7,59.9,13.9,5.1,37.5,18.6,19.7,5.3,8.4,7.4,17.4,10.8,8.3,3,29.2,4,70.1,21.1,56.7,3.5,26,10.4,44.2,3.6,79.1,9.9,7.6,72.5,19,15.8,26.9,8.9,7.1,10.6,6.1,7.6,11.4,7.4,41,39.2,27.7,13.4,37.1,7.3,44.8,17.5,11.1,19.1,10.7,13.5,13.5,16,9.8,16.3,11.4,4.6,5.5,4.5,3.4,26.5,14.4,9.1,33.2,31.9,12.3,19.9,82.4,27.4,14.2,12.2,23,3.1,5.9,22.2,27,17.2,15.3,14.2,23.6,38.7,32.5,25.8,45,11.3,10.1,33.2,7.1,43.7,16.2,19.6,2.9,6.5,15.4,6.4,29.1,6.9,21.3,5.2,5.2,26.1,36.8,54.2,7.9,10.9,18.9,17.1,23.2,16.4,35,9.7,9.4,10.1,34.2,29.4,20.04
2003(F),7.6,3.2,3.1,6.9,0,3.8,1,4.3,7,1.7,0.9,3.8,3.1,0.9,9.5,9.2,2.4,7.4,4.4,4.8,3.6,18.5,2,0.3,5.2,8.4,12,6.3,4.4,9.7,5.2,13,7.9,2.9,11.5,2.5,7.2,11,2.5,7.4,5.7,5.9,1.2,5.1,8.1,5.9,5.2,7.6,1.9,5.1,2.7,3.3,7.2,8.8,6.9,29.5,10.2,7.5,8.6,8.2,6.6,7.3,2.4,5.2,3.2,1,0.5,4.5,6.9,8.3,16.8,10.5,1.1,8.3,5.3,14.8,1.9,5,3.2,5,2.2,2.5,0.9,10.1,2.2,12,6.7,10.4,1.3,5.1,5.8,8.4,2.2,17.9,6.7,2.9,12.2,7.5,6.3,6.4,2.9,1.7,6.8,2.9,4.5,4,1.4,11.9,9.1,9.8,7.5,8.3,2.4,9.9,2.8,5,7.1,3.1,6.8,5.2,5.9,1.8,5.9,1.3,1.6,2,2.1,1.2,4.1,3.8,2.2,13.2,4.5,4.4,3.7,12.9,10.5,1.7,1.3,7.6,1.1,1.4,6.5,8.3,1.6,7.3,8.2,3.3,8.9,2.2,7.8,13.6,3.7,3,10,3.7,11.8,7.3,8.5,0.7,2.7,5.2,3.2,9.1,3.4,4.9,2.6,1.6,5.1,7.8,7.3,4,3.3,6.2,4.4,6.6,4.7,9.7,1.8,4.8,6.1,11.4,13.7,5.86
2002(B),7.9,4.8,4.4,17.2,1.3,10.3,3.1,10.4,15.1,3.9,2.4,9.2,6.1,0.3,38.7,17.1,8.1,14.9,6.5,7.9,8.5,42.2,4.8,1.5,13,15.9,20.5,18.1,6.6,19.2,10.5,30.4,15.8,9.7,12.5,4.9,10.2,19.8,7.3,22.1,14.9,12.9,2,12.4,9.8,14.2,11.2,12,4.9,8.4,3.7,5.9,15.8,22.1,25.8,51.1,16.9,11,19.2,15.6,16.9,11.5,7.3,11,11,2.3,3.4,13.7,10.1,16.7,39.8,12.1,3,22.8,11.8,18.2,3.6,7.3,5.2,11.5,5.8,5.4,2,17.9,3.2,38.3,13.9,34.5,2.9,16.2,8.2,27.1,2.9,42.6,8.4,5.5,42.3,13.2,10.8,16.5,5.8,4.7,8.7,4.9,6.1,11,4.2,26.3,22.9,17.8,10.4,20.8,4.8,26.3,10.1,8.4,12.2,5.9,9.7,9.2,11,6.3,11.3,5.9,3,3.8,3.2,2.1,15.2,9.3,7.4,17.8,16.6,9,12.3,46.1,20.7,7.4,7.1,15.8,2.4,3.9,13.7,17.8,8.8,10.7,11.3,12.7,22.9,17.2,16.6,28,7.3,6.3,21.5,5.5,27.7,12.6,16,1.9,4.6,10.4,4.6,18.1,5,14.9,3.9,3.4,15.2,20.5,30.5,7.4,7.5,12.8,10.6,17.9,11.3,22.8,6.2,7,8.2,22.3,20.3,12.79
2002(M),8,6.6,5.6,29,2.8,17.2,5.7,16.2,24.9,6.5,4.3,13.1,8.7,0.4,71.9,25.3,13.7,23.9,8.2,11.1,14,69.3,7.6,2.6,21,26,30.3,33.4,9,30,16.3,50.4,24.8,17,14,7.7,13.5,30.6,12.7,34.8,24.4,18.9,2.8,20.9,11.9,24.2,16.6,16.9,8,11.9,4.8,9.3,24.7,35.9,46,81.1,23.7,14.1,29.7,23.5,28.9,15.8,12.8,17.2,19.5,3.7,6.6,24,14.4,27.4,65.4,13.9,5.1,38.8,17.7,20.4,5.4,9.2,7.1,18.8,9.1,8.7,3.1,26.7,4.1,68.7,22.1,60.6,3.8,27.9,10.6,47.8,3.6,74.6,10.2,7.7,78,21,15.5,28.1,8.6,7.2,10.6,7.2,7.9,17.6,7.2,41.1,37.2,27,13.3,36.7,7.5,45.7,17.9,11.7,18.7,9.3,12.9,13.6,16.2,9.5,16.3,9.5,4.5,4.4,4.4,3.3,26.6,15.7,9.7,26.2,29.7,13.3,21.3,83.6,31.1,13.5,13,23.4,3.5,5.8,22.5,28.4,16.7,15,13.8,23.3,38.7,31.8,25.8,44.3,11.4,10,34,7.2,43.9,18.5,22.9,3,6.6,15.4,6.1,28.2,6.7,24.7,5.2,5.4,25.5,36.8,57.3,8.6,11.7,20.3,17.3,30.1,18,35.5,10.7,9.3,10.2,34.5,29.8,20.38
2002(F),7.7,3,3.3,6.5,0,4.2,1.1,4.6,6.5,1.6,0.9,3.4,3.3,0.2,10,9.3,2.6,7.5,4.6,5,3.6,19.2,2.2,0.3,5.8,8.6,12.6,6.5,4.7,9.7,4.9,13.7,7.8,2.9,11.2,2.3,7.3,11.5,2,7.6,6.9,7.3,1.2,4.7,8.4,5.7,6,7.5,1.8,4.9,2.7,3.2,7,9.4,7.8,27.2,10.5,7.9,9,8.4,6.6,7.3,2.8,5.4,3.2,0.9,0.5,4.5,6.9,8.5,14.6,10.6,1.1,9.1,5.7,15.9,2,5.5,3.4,4.3,2.8,2.4,0.8,9.3,2.2,11.8,7.1,10.7,1.4,5.3,6.1,9.5,2.2,15.9,6.6,3.1,10.7,6.2,6.2,6.9,2.9,1.9,7,2.7,4.6,4.7,1.3,11.8,9.1,9.5,7.7,8.4,2.4,10.7,2.8,5.2,6.1,2.8,6.7,5.2,6,1.9,5.9,2.3,1.6,3.1,2.1,1.1,4.6,3.8,2.5,10.6,5.2,4.9,3.9,13.1,11.8,1.8,1.5,7.7,1.5,1.4,6.5,8.6,1.6,7,8.9,3.3,8.6,2.1,7.6,13,3.6,3,9.6,3.8,12.2,6.8,9.7,0.8,2.7,5.7,3.2,9,3.4,5.3,2.6,1.7,5.5,8,7.6,4.2,3.4,6.7,4.3,7.4,4.9,9.9,1.9,4.9,6.2,12.6,13.5,5.94
2001(B),7.9,4.7,4.6,17.5,1.9,10.3,3.1,11.2,14.7,3.7,2.7,8.9,6.5,1.5,38.3,18.4,8.2,14.8,6.8,8.1,8.4,44.7,4.9,1.3,13.2,16.4,21.6,18,6.8,19.4,10.9,30.7,15.8,10.4,13.3,5.2,10.6,21.9,5.6,22.9,15.3,13.7,2,13.2,9.9,14.4,12.3,11.7,4.8,7.3,3.8,7.4,17.6,22.5,26.1,45.1,17.5,11.4,21.2,15.4,18.3,11.3,6.1,11.1,10.5,2.5,0.4,14.1,9.8,17.2,39.9,12.4,3,23.8,12.4,18.7,3.7,7.7,5.2,12.5,6.3,5.4,2,17.5,3.4,39.4,14.7,35.3,2.7,16.4,8.6,27.5,2.9,40.4,8.4,5.4,42.1,13.5,10.6,17.9,5.8,5.1,8.7,6.5,6.3,9.8,4.2,27.3,23.7,17.7,10.8,20.8,4.9,26.7,10.4,8,13.5,6.2,9.8,9.3,13.2,6.7,11.2,6.2,3,3.5,3.2,1.9,15.3,6.5,7.6,14.8,17.7,11.9,10.8,47.1,22.9,8.1,5.9,16.2,2.4,3.9,13.9,17.8,9.6,10.5,10.6,12.3,24.6,17.1,16.5,26.9,7.4,6.1,22.4,5.4,27.5,12.8,15,1.9,4.8,10.5,4.9,17.7,5.1,16.1,3.9,3.9,14.7,21.1,31.2,7.9,7.5,14.2,10.3,13.2,11.7,22.8,6.5,7.1,8.4,22.7,19.5,12.94
2001(M),7.9,6.5,5.7,29.8,4.2,17.6,5.3,17.6,23,6.2,4.7,12.8,9.3,2.8,71.5,27.9,13.9,23.8,8.5,11.3,13.7,73.4,8.1,2.4,20.8,26.8,32.2,33.1,9.1,30.3,16.8,50.9,24.9,18.5,14.3,8.4,14.1,34.1,9.8,36,25.3,20.3,2.8,22.6,11.8,24.5,18,16.6,8,10.3,4.8,11.7,27.9,36.7,46,72.5,24.5,15,33.6,23.4,31.3,15.6,10.8,17.6,18.6,4.4,0,25.1,13.8,28.2,64.8,14.3,5.1,40.5,18.9,20.6,5.5,9.6,7.1,20.8,10.6,8.6,3.2,25.9,4.4,71.2,23.1,61.9,3.5,28.8,11,50,3.6,70.4,10.4,7.4,75.7,20.7,15.2,30,8.7,7.8,10.5,9,8,13.7,7.2,42.4,38.3,26.8,13.9,36.3,7.6,46.4,18.6,11.1,20.9,9.5,13,13.9,19.8,10.1,16.2,10.6,4.6,4.6,4.3,2.9,27.3,11,10,22,32.1,19.8,18.8,85.5,34.7,14.7,11,23.9,3.4,5.7,22.8,27.9,18.1,14.7,13.6,21.8,41.5,31.5,25.8,43.2,11.7,9.7,35.4,7.1,43.2,18.1,22.2,3,6.8,15.2,6.4,27.7,6.7,26.1,5.2,6.2,25.1,37.7,58.5,9.2,11.9,22.4,16.9,21.8,18.9,35.4,11.5,9.5,10.4,34.3,28.6,20.62
2001(F),7.9,3,3.4,6.1,0,4,1.3,4.9,7.2,1.5,1.1,3.1,3.3,0.3,9.5,9.4,2.5,7.5,5,5,3.6,20.2,2,0.2,6.3,8.9,13,6.7,4.9,9.8,5,13.7,7.7,2.9,12.6,2.5,7.6,12.4,1.5,7.9,6.6,7.5,1.2,4.8,8.6,5.8,6.9,7.3,1.6,4.4,2.7,3.8,7.4,9.4,8.3,23.3,10.8,7.8,9,8.1,7.2,7.2,2.2,5.2,3.1,0.7,0.8,4.4,6.7,8.6,15.5,10.8,1.1,9.4,5.9,16.9,2,5.7,3.4,4.2,2.3,2.5,0.9,9.3,2.3,11.5,7.6,10.9,1.4,4.9,6.4,8.4,2.3,15.4,6.5,3.2,13,7,6,7.7,2.9,2.1,7.1,4,4.8,6.2,1.4,12.5,9.7,9.4,7.8,8.6,2.5,10.9,2.6,5.1,6.5,3.3,6.8,5.2,6.6,1.9,5.8,1.7,1.6,2.5,2.1,0.9,4,2.8,2.5,8.6,5.4,4.1,3.1,13.1,12.8,1.9,1.3,7.9,1.5,1.4,6.6,8.9,1.7,6.8,7.7,3.8,9.5,2,7.5,11.9,3.7,2.8,10,3.8,12.6,7.5,8.5,0.8,2.9,6,3.5,8.8,3.6,6.4,2.6,1.8,5,8.3,7.8,4.6,3.2,7.4,4.1,5.9,4.9,9.9,1.8,5,6.5,13.4,13,5.99
2000(B),7.7,5.2,4.7,17.6,2,9.2,3.3,11.8,15.8,3.4,2.5,7,6.9,2.6,37.3,18.3,10,14.7,6.9,8.4,8.1,46.3,4.5,1.7,14,16.9,23.4,18.2,6.8,19.1,10.7,32.5,15.7,10.5,14.9,5.3,10.9,24.7,6.9,24,16.3,15.6,1.9,13.4,10.3,14.5,12.5,12.1,4.9,6.8,3.6,6.7,19.4,23.4,25,40.6,18.4,11.7,21.7,15.8,19.4,11.1,6.6,11.2,9.8,2.9,2.1,13.5,9.7,17.5,35.8,12.7,3,26.6,12.7,19.1,3.8,8,5.3,12.1,6.8,5.5,2.1,18.1,3.5,39.4,15.8,35.6,3.1,17.6,8.7,29.6,3,42.6,8.8,5.3,45.8,13.4,10.8,19.2,6.1,5.3,8.8,6,6.4,11.5,3.9,28,23.6,18.9,10.8,20.9,5.1,27.5,10.9,8.1,12.4,6.3,9.5,9.2,13,6.7,11.1,5.9,2.8,3.6,3.4,2.3,15.3,5.5,7.6,13.9,16.3,8.7,11.3,48.9,25.6,8.1,6.5,16.3,2.2,3.8,14.4,18.9,9.8,10.1,11.4,12.6,25.6,17.4,16.8,26.6,7.9,6.6,27.4,5.6,25,12.2,15.9,2,5.1,11.6,4.9,17.3,5.1,16.2,3.9,4.2,13.8,21.7,33.5,8,7.7,15.6,10,14.5,12,23.2,6.4,7.2,8.5,24,20,13.23
2000(M),7.6,7.6,5.9,30,4.5,16,5.5,18.8,24.9,5.8,4.2,10.2,10,4.9,69.3,27,17.2,23.6,8.6,11.8,13.3,76.2,7.4,3,21.8,27.6,35.5,33.3,9.2,29.8,16.6,53.7,24.8,19,15.5,8.4,14.5,38.5,12.3,37.5,27.1,22.7,2.6,22.6,12.3,24.9,18.9,17.1,8.3,9.6,4.7,10.6,31,38.4,43.1,65.5,25.9,15.3,33.3,24.2,33.2,15.3,11.9,17.6,17.2,4.6,3.8,24,13.7,28.7,57.6,14.7,5.1,44.7,19.3,20.9,5.5,10.1,7.2,19.8,11,8.7,3.3,26.8,4.5,71.7,24.8,62.6,4.1,30.7,11,54.3,3.7,73.9,11,7.1,80.7,20.3,15.5,31.8,9.1,8.1,10.6,9.8,8.2,18.4,6.9,43.4,37.6,28.9,13.9,36.2,8.1,47.5,19.4,11.2,20.8,9.3,12.6,13.7,19.9,10.1,16.1,10.4,4.4,4.8,4.6,3.5,26.8,9.5,10,20.4,30.7,12.5,19.4,88.8,38.8,14.5,12.6,24.1,3.2,5.7,23.5,29,18.4,14.4,15.2,21.9,40.4,32,26,42.7,12.4,10.5,41.5,7.2,38.8,17.1,23.7,3.2,7.3,16.4,6.5,27,6.7,26.4,5.2,6.7,23.7,38.6,62.7,9.3,12,24.5,16.4,25.7,19.6,36,11.3,9.4,10.5,35.9,28.2,21.04
2000(F),7.8,2.9,3.5,6.2,0,3.4,1.7,5,7.9,1.3,1.1,2.5,3.5,0.5,9.5,10.1,2.9,7.5,5,5.2,3.5,20.6,1.8,0.4,7.1,9.2,13.6,6.8,5,9.7,5,14.6,7.7,2.9,14.5,2.6,7.6,14.1,1.6,8.4,6.9,8.9,1.2,5.1,8.9,5.7,6.4,7.5,1.6,4.2,2.7,3.4,7.8,9.6,9.6,20.9,11.2,8.2,10.4,8.3,7.5,7.1,2.2,5.3,2.9,1.2,0.6,4.1,6.7,8.8,14.5,11.1,1.1,11,6,17.4,2.1,5.9,3.4,4.4,2.8,2.7,0.9,9.6,2.4,11.4,8.2,11.1,1.5,5.5,6.5,9.4,2.4,16,6.7,3.3,15.3,7.1,6.1,8.4,3.1,2.3,7.2,2.4,4.9,4.9,1.1,13,10.2,9.8,8,8.8,2.6,11.4,2.8,5.2,4.4,3.6,6.7,5.1,6.1,2,5.7,1.5,1.4,2.5,2.4,1.1,4.7,2.1,2.6,8.2,4.2,4.9,3.7,13.4,14,2.1,0.5,7.8,1.4,1.4,6.8,10.1,1.7,6.5,7.8,4.3,12.6,2.1,7.9,11.6,3.9,3,14,4,11.8,7.5,8.6,0.9,2.9,7.1,3.3,8.6,3.6,6.3,2.6,1.9,4.6,8.6,8.5,4.7,3.6,8.1,4,5.1,4.8,10.1,1.7,5.2,6.5,14.5,14.2,6.18
