,Unnamed: 0,Age-standardized suicide rates (per 100 000 population),Age-standardized suicide rates (per 100 000 population).1,Age-standardized suicide rates (per 100 000 population).2,Age-standardized suicide rates (per 100 000 population).3,Age-standardized suicide rates (per 100 000 population).4,Age-standardized suicide rates (per 100 000 population).5,Age-standardized suicide rates (per 100 000 population).6,Age-standardized suicide rates (per 100 000 population).7,Age-standardized suicide rates (per 100 000 population).8,Age-standardized suicide rates (per 100 000 population).9,Age-standardized suicide rates (per 100 000 population).10,Age-standardized suicide rates (per 100 000 population).11,Age-standardized suicide rates (per 100 000 population).12,Age-standardized suicide rates (per 100 000 population).13,Age-standardized suicide rates (per 100 000 population).14,Age-standardized suicide rates (per 100 000 population).15,Age-standardized suicide rates (per 100 000 population).16,Age-standardized suicide rates (per 100 000 population).17,Age-standardized suicide rates (per 100 000 population).18,Age-standardized suicide rates (per 100 000 population).19,Age-standardized suicide rates (per 100 000 population).20,Age-standardized suicide rates (per 100 000 population).21,Age-standardized suicide rates (per 100 000 population).22,Age-standardized suicide rates (per 100 000 population).23,Age-standardized suicide rates (per 100 000 population).24,Age-standardized suicide rates (per 100 000 population).25,Age-standardized suicide rates (per 100 000 population).26,Age-standardized suicide rates (per 100 000 population).27,Age-standardized suicide rates (per 100 000 population).28,Age-standardized suicide rates (per 100 000 population).29,Age-standardized suicide rates (per 100 000 population).30,Age-standardized suicide rates (per 100 000 population).31,Age-standardized suicide rates (per 100 000 population).32,Age-standardized suicide rates (per 100 000 population).33,Age-standardized suicide rates (per 100 000 population).34,Age-standardized suicide rates (per 100 000 population).35,Age-standardized suicide rates (per 100 000 population).36,Age-standardized suicide rates (per 100 000 population).37,Age-standardized suicide rates (per 100 000 population).38,Age-standardized suicide rates (per 100 000 population).39,Age-standardized suicide rates (per 100 000 population).40,Age-standardized suicide rates (per 100 000 population).41,Age-standardized suicide rates (per 100 000 population).42,Age-standardized suicide rates (per 100 000 population).43,Age-standardized suicide rates (per 100 000 population).44,Age-standardized suicide rates (per 100 000 population).45,Age-standardized suicide rates (per 100 000 population).46,Age-standardized suicide rates (per 100 000 population).47,Age-standardized suicide rates (per 100 000 population).48,Age-standardized suicide rates (per 100 000 population).49,Age-standardized suicide rates (per 100 000 population).50,Age-standardized suicide rates (per 100 000 population).51,Age-standardized suicide rates (per 100 000 population).52,Age-standardized suicide rates (per 100 000 population).53,Age-standardized suicide rates (per 100 000 population).54,Age-standardized suicide rates (per 100 000 population).55,Age-standardized suicide rates (per 100 000 population).56,Age-standardized suicide rates (per 100 000 population).57,Age-standardized suicide rates (per 100 000 population).58,Age-standardized suicide rates (per 100 000 population).59
0,,2019,2019,2019,2018,2018,2018,2017,2017,2017,2016,2016,2016,2015,2015,2015,2014,2014,2014,2013,2013,2013,2012,2012,2012,2011,2011,2011,2010,2010,2010,2009,2009,2009,2008,2008,2008,2007,2007,2007,2006,2006,2006,2005,2005,2005,2004,2004,2004,2003,2003,2003,2002,2002,2002,2001,2001,2001,2000,2000,2000
1,Country,Both,Male,Female,Both,Male,Female,Both,Male,Female,Both,Male,Female,Both,Male,Female,Both,Male,Female,Both,Male,Female,Both,Male,Female,Both,Male,Female,Both,Male,Female,Both,Male,Female,Both,Male,Female,Both,Male,Female,Both,Male,Female,Both,Male,Female,Both,Male,Female,Both,Male,Female,Both,Male,Female,Both,Male,Female,Both,Male,Female
2,Afghanistan,6.00,6.20,5.70,5.90,6.20,5.60,6.00,6.30,5.50,6.00,6.20,5.80,6.00,6.10,5.8,6,6.1,5.9,6.2,6.3,6,6.2,6.4,6.1,6.4,6.6,6.2,6.7,6.9,6.4,6.8,7,6.6,7.2,7.4,6.9,7.4,7.7,7.1,7.6,7.8,7.3,7.6,7.8,7.4,7.8,7.9,7.6,7.7,7.8,7.6,7.9,8,7.7,7.9,7.9,7.9,7.7,7.6,7.8
3,Albania,3.70,5.30,2.20,3.90,5.60,2.40,4.10,5.70,2.50,4.20,5.70,2.70,4.20,5.70,2.8,4.5,6.2,2.9,4.8,6.5,3.2,4.8,6.6,3.2,7.6,7.3,8.2,7.6,9.5,5.9,8,10.2,5.8,8.1,10.5,5.8,8.1,10.5,5.7,7.8,10.1,5.7,7.7,10.2,5.2,4.9,6.7,3.1,4.9,6.6,3.2,4.8,6.6,3,4.7,6.5,3,5.2,7.6,2.9
4,Algeria,2.60,3.30,1.90,2.60,3.20,1.90,2.50,3.20,1.90,2.60,3.30,1.90,2.70,3.40,2,2.8,3.5,2,2.9,3.6,2.1,2.9,3.7,2.1,2.9,3.7,2.1,3,3.8,2.2,3.2,4,2.3,3.3,4.2,2.4,3.5,4.4,2.5,3.7,4.6,2.7,3.8,4.8,2.8,4,5,2.9,4.1,5.2,3.1,4.4,5.6,3.3,4.6,5.7,3.4,4.7,5.9,3.5
5,Angola,12.60,21.70,4.70,12.40,21.30,4.60,12.40,21.00,4.90,12.90,21.80,5.10,13.30,22.70,5.1,13.1,22.6,4.8,14.2,24.3,5.2,14.2,24.1,5.4,13.5,22.8,5.2,14.2,23.9,5.6,13.6,23,5.4,15.3,25.5,6.1,15,25.2,5.9,17.1,28.4,6.8,16.3,27.1,6.5,17.2,28.6,6.8,17.5,29.1,6.9,17.2,29,6.5,17.5,29.8,6.1,17.6,30,6.2
6,Antigua and Barbuda,0.30,0.00,0.60,0.30,0.00,0.60,0.00,0.00,0.00,0.50,0.00,0.90,0.40,0.00,0.8,0.4,0,0.8,0,0,0,0,0,0,0.2,0.2,0.2,0.1,0.3,0,0,0,0,0.2,0.5,0,0.3,0.7,0,0.4,0.9,0,1.3,2.9,0,2,4.3,0,1.4,3.2,0,1.3,2.8,0,1.9,4.2,0,2,4.5,0
7,Argentina,8.10,13.50,3.30,9.00,14.90,3.60,8.70,14.30,3.60,8.10,13.60,3.10,8.10,13.50,3.2,9.2,15.1,3.7,8.5,14.2,3.1,9,15,3.4,8.4,14,3.3,8.4,14.3,3.1,8.4,14,3.2,8.6,14.5,3.3,8.2,13.7,3.2,8.5,14.5,3.3,8.5,14.2,3.5,8.7,14.5,3.5,9.7,16.4,3.8,10.3,17.2,4.2,10.3,17.6,4,9.2,16,3.4
8,Armenia,2.70,4.90,1.00,1.70,2.90,0.70,2.40,4.70,0.90,4.40,8.10,1.70,4.70,7.60,2.6,4.6,6.8,2.9,5.3,7.2,3.7,6.4,10.3,3.2,5.7,9,3,5.9,9.9,2.9,4.1,7.8,1.4,4.2,6.8,2.3,5,8.3,2.4,5.4,8.7,2.9,3.8,6.4,1.8,3.6,6.1,1.8,2.5,4.3,1,3.1,5.7,1.1,3.1,5.3,1.3,3.3,5.5,1.7
9,Australia,11.30,17.00,5.60,11.30,17.10,5.40,11.80,17.70,5.90,10.90,16.30,5.60,11.80,17.70,6,11.3,17,5.8,10.2,15.3,5.3,10.5,15.4,5.7,10.1,15.2,5,10.4,15.9,4.9,10,15.2,4.8,10.4,16.3,4.6,9.8,14.9,4.8,9.5,14.6,4.5,10.1,15.9,4.4,9.2,14.6,3.9,9.6,15.1,4.3,10.4,16.2,4.6,11.2,17.6,4.9,11.8,18.8,5
10,Austria,10.40,16.60,4.60,11.20,18.00,4.80,10.80,17.50,4.60,11.10,17.10,5.70,11.40,17.90,5.4,12,19,5.6,11.5,18,5.5,11.8,19.3,4.8,12.3,19.4,5.8,12.2,19.6,5.5,11.9,19.2,5.2,11.7,18.8,5.4,12.2,19.5,5.5,12.5,20.5,5.3,13.3,21.2,6.3,13.6,22.3,6.1,14.2,22.5,7,15.1,24.9,6.5,14.7,23,7.2,15.8,24.9,7.9
11,Azerbaijan,4.00,6.60,1.50,3.90,6.50,1.50,3.90,6.50,1.50,3.90,6.50,1.50,4.00,6.60,1.6,4.1,6.8,1.6,4.2,7,1.6,4.3,7.1,1.8,4.4,7.3,1.8,4.5,7.4,1.9,4.6,7.6,1.9,4.8,7.9,2,5,8.2,2.1,4.9,8,2,4.7,7.7,2,4.5,7.4,1.9,4,6.7,1.7,3.9,6.5,1.6,3.7,6.2,1.5,3.4,5.8,1.3
12,Bahamas,3.40,5.80,1.20,3.40,5.80,1.20,3.30,5.80,1.00,3.50,6.20,1.10,3.40,6.00,1.1,3.3,5.8,1,3.2,5.5,1.1,3.6,6.3,1.2,3.8,6.6,1.3,3.7,6.4,1.3,3.4,5.8,1.2,3.4,5.8,1.2,3.3,5.6,1.3,3.6,6,1.4,3.2,5.3,1.3,3.3,5.6,1.3,2.5,4.3,0.9,2.4,4.3,0.9,2.7,4.7,1.1,2.5,4.2,1.1
13,Bahrain,7.20,9.90,2.30,7.00,9.70,2.30,6.70,9.30,2.30,6.50,8.90,2.30,6.30,8.70,2.4,6.4,8.7,2.5,6.2,8.3,2.5,6.4,8.7,2.6,6.9,9.2,2.9,7.2,9.6,3,7.7,10.3,3.2,8.3,11.2,3.4,8.7,11.8,3.5,7.8,10.5,3.4,9.6,13.2,3.8,9.8,13.6,3.8,9.9,13.9,3.8,9.2,13.1,3.4,8.9,12.8,3.1,7,10.2,2.5
14,Bangladesh,3.90,6.00,1.70,3.80,5.80,1.70,3.70,5.70,1.60,3.60,5.50,1.70,3.60,5.40,1.8,3.7,5.6,1.8,3.8,5.6,2,4,5.8,2.2,4.3,6.3,2.3,4.8,7.1,2.5,5.1,7.4,2.6,5.3,7.7,2.7,5.5,8,2.8,5.6,8.1,3,5.6,8,3,5.6,8,3,5.8,8.3,3.1,6.1,8.7,3.3,6.5,9.3,3.3,6.9,10,3.5
15,Barbados,0.30,0.50,0.20,0.30,0.50,0.20,0.30,0.50,0.20,0.30,0.50,0.20,0.30,0.50,0.2,0.3,0.5,0.2,0.1,0.3,0,0.2,0.2,0.3,0.6,1.1,0.2,1.2,2.2,0.3,1.1,2.2,0.2,0.7,1.3,0.2,1.3,2.5,0.2,1.3,2.7,0.2,2.2,3.6,0.8,1,0.7,1,0.8,0.6,0.9,0.3,0.4,0.2,1.5,2.8,0.3,2.6,4.9,0.5
16,Belarus,16.50,30.10,5.30,17.90,32.80,5.60,18.50,33.80,5.70,19.40,35.50,6.00,19.60,36.00,5.9,21.6,39.7,6.3,22.8,41.8,6.8,24.6,45.1,7.3,30.2,55.3,8.6,29.9,55.1,8.3,30.4,55.7,8.9,30.6,56.4,8.6,30.9,57,8.7,34.8,64.1,9.5,37.2,68.9,10,36.1,66.7,9.7,37.1,69.1,9.5,38.7,71.9,10,38.3,71.5,9.5,37.3,69.3,9.5
17,Belgium,13.90,19.60,8.40,14.30,20.30,8.50,14.60,20.80,8.60,15.00,21.70,8.50,14.40,20.70,8.3,15.1,21.7,8.8,15.4,22.1,8.8,16.4,24.5,8.7,16.7,23.9,9.8,16.5,24,9.2,16.7,24.4,9.3,16.6,24.6,8.8,15.1,22.1,8.2,16.6,24.2,9.2,16.7,25,8.8,16.7,24.9,8.8,17.9,27,9.2,17.1,25.3,9.3,18.4,27.9,9.4,18.3,27,10.1
18,Belize,7.70,13.60,1.80,7.20,12.80,1.70,7.70,13.90,1.70,6.70,11.90,1.50,6.90,12.20,1.6,6.9,12.1,1.7,6.8,11.9,1.8,7.4,12.9,1.9,7.9,13.8,2.1,8.2,14.3,2.1,7.5,13,2,5.7,9.7,1.7,6.7,11.5,1.9,7.2,12.4,2.1,7.1,12.2,2.1,8.8,15.3,2.5,8.2,14,2.4,8.1,13.7,2.6,8.2,13.9,2.5,10,17.2,2.9
19,Benin,12.70,20.30,6.10,13.00,20.80,6.20,13.10,21.00,6.30,13.30,21.30,6.30,13.40,21.50,6.4,13.6,22,6.5,13.8,22.3,6.6,13.9,22.5,6.7,14.1,22.9,6.8,14.1,22.9,6.8,14.2,23.1,6.8,14,22.7,6.6,14.3,23.2,7,14.6,23.5,7.2,14.7,23.7,7.3,14.8,23.9,7.4,14.8,23.9,7.4,14.9,23.9,7.5,14.8,23.8,7.5,14.7,23.6,7.5
20,Bhutan,5.10,6.80,3.10,5.10,6.80,3.10,5.10,6.80,3.20,5.10,6.70,3.10,5.20,6.90,3.1,5.2,7,3.2,5.2,7,3.2,5.2,7,3.1,5.2,7,3.1,5.2,7,3.2,5.4,7.2,3.3,5.5,7.3,3.5,5.7,7.4,3.7,5.9,7.5,3.9,6,7.7,4,6.1,7.8,4.2,6.4,8.1,4.4,6.5,8.2,4.6,6.8,8.5,5,6.9,8.6,5
21,Bolivia (Plurinational State of),6.80,9.60,4.20,7.00,9.80,4.30,7.20,10.00,4.50,7.40,10.30,4.70,7.20,9.90,4.6,7,9.6,4.6,6.9,9.3,4.6,6.9,9.3,4.6,7.1,9.5,4.7,7,9.4,4.7,7,9.4,4.7,7,9.5,4.7,7.2,9.7,4.8,7,9.6,4.6,7.4,10.2,4.8,7.5,10.4,4.8,7.7,10.8,4.8,7.9,11.1,5,8.1,11.3,5,8.4,11.8,5.2
22,Bosnia and Herzegovina,8.30,13.50,3.40,8.20,13.40,3.40,8.10,13.10,3.50,8.10,13.20,3.50,8.30,13.60,3.6,8.2,13.4,3.5,8.2,13.5,3.4,8.1,13.3,3.4,8.4,13.8,3.4,8.3,13.7,3.5,8.5,14.1,3.5,8.7,14.5,3.5,9.4,15.5,3.9,8.8,14.5,3.7,9,14.9,3.6,8.4,13.7,3.7,8.5,13.9,3.6,8.5,14,3.6,8.4,13.7,3.6,8.1,13.3,3.5
23,Botswana,20.20,35.50,7.80,22.10,38.40,8.90,22.30,38.60,9.20,22.90,39.50,9.60,24.50,42.30,10.3,25.3,43.4,10.7,27.8,49.1,10,29,51,10.4,29.1,50.4,10.9,31.2,55.1,10.5,32.1,55.2,12.2,36.1,58.8,16.5,37.4,60.5,17.8,40.9,67.3,18.5,43.4,71,20.1,40.9,67.3,18.6,40.3,66.2,18.5,42.2,69.3,19.2,44.7,73.4,20.2,46.3,76.2,20.6
24,Brazil,6.40,10.30,2.80,6.50,10.40,2.90,6.20,9.90,2.80,5.70,9.10,2.50,5.60,8.90,2.6,5.4,8.7,2.4,5.4,8.6,2.5,5.3,8.3,2.5,5.2,8.2,2.4,5,7.9,2.4,5.2,8.4,2.3,5.2,8.4,2.4,5.1,8.1,2.3,4.9,7.8,2.2,5,8,2.2,4.7,7.6,2.1,4.7,7.6,2,4.8,7.6,2.2,4.9,8.1,2,4.5,7.4,1.8
25,Brunei Darussalam,2.50,4.20,0.80,3.00,4.90,1.00,3.30,5.40,1.00,2.40,3.90,0.70,1.60,2.60,0.6,1.7,1.8,1.5,1.8,2.1,1.5,2.2,3,1.2,1.7,3.2,0,1.1,1.7,0.6,1.6,2,1.1,1.8,2.5,1.1,2.2,3,1.4,2.4,3.7,1.1,1.9,3,0.9,1.8,2.9,0.6,1.6,2.8,0.3,1.5,2.6,0.3,1.3,2.4,0.2,1.7,3,0.4
26,Bulgaria,6.50,10.60,2.90,6.60,10.50,3.10,6.70,11.00,2.80,6.60,10.70,2.90,6.80,11.10,2.8,7.1,11.7,2.9,7.4,12.3,2.9,8.8,14.4,3.6,7.9,13.3,2.9,8.5,13.8,3.6,8.5,14,3.5,9.2,14.8,4.1,8.6,13.6,4.2,9.5,15.8,3.8,9.6,15.1,4.6,10.5,16.8,4.9,11.2,17.9,5.2,13,21,5.8,13.2,20.8,6.3,14,21.8,7.1
27,Burkina Faso,14.40,24.50,6.50,14.70,25.00,6.60,14.80,25.30,6.70,15.20,25.80,7.00,15.40,26.30,7.2,15.7,26.6,7.3,16.1,27.4,7.5,16.1,27.5,7.5,15.6,26.7,7.4,15.8,26.9,7.6,15.7,26.4,7.7,15.7,26.3,7.9,15.9,26.5,8.1,15.9,26.4,8.3,15.9,26.3,8.3,15.8,26,8.4,15.8,25.9,8.4,15.9,26,8.6,16.4,26.8,8.9,16.9,27.6,9.2
28,Burundi,12.10,18.90,6.40,12.30,19.20,6.40,12.50,19.40,6.60,12.60,19.50,6.90,12.80,19.50,7.1,13.1,20,7.4,13.8,21,7.7,14.1,21.5,7.9,14.5,21.9,8.4,14.9,22.4,8.7,15.2,22.8,9,15.7,23.4,9.3,16.5,24.5,10,17.5,25.8,10.8,17.9,26.3,11.2,18.5,27.2,11.5,19.4,28.5,12,20.5,30.3,12.6,21.6,32.2,13,23.4,35.5,13.6
29,Cabo Verde,15.20,27.40,5.10,16.00,28.90,5.20,16.20,27.80,5.30,16.50,28.30,5.50,16.70,28.70,5.6,16.9,29,5.7,17.5,30,5.8,18,31,5.9,18.2,31.6,5.8,18.4,32,5.9,18.4,32.3,6.1,18.3,32.4,6.1,18.1,32.5,6.1,18.2,32.9,6.2,18.5,34.3,6.1,18.3,34,6.1,18.1,33.5,6.3,18.1,33.4,6.5,18,33.1,6.7,18.2,33.3,6.8
30,Cambodia,5.50,8.40,3.10,5.60,8.60,3.10,5.60,8.60,3.10,5.80,8.80,3.20,5.80,8.80,3.2,5.8,8.8,3.3,6,9.1,3.4,6.1,9.3,3.5,6.2,9.5,3.5,6.3,9.6,3.6,6.4,9.7,3.7,6.7,10,3.9,6.9,10.2,4.2,6.9,10,4.3,6.8,9.7,4.4,6.6,9.3,4.4,6.5,9,4.4,6.6,9,4.7,6.8,9.1,4.9,6.8,9.2,5
31,Cameroon,15.90,25.20,7.60,15.90,25.30,7.50,16.10,25.70,7.60,16.60,26.40,7.90,17.10,27.00,8.3,17.9,28.2,8.8,18.7,29.5,9.1,19.2,30.8,8.7,19.4,30.9,9.2,19.5,30.9,9.4,20,31.6,9.6,20.1,31.9,9.7,20.4,32.4,9.8,20.9,32.9,10.3,20.6,32.3,10.2,19.4,30.5,9.5,19.5,30.6,9.7,19.2,30,9.7,19.4,30.3,9.8,19.1,29.8,9.7
32,Canada,10.30,15.30,5.40,10.50,15.60,5.50,11.70,17.60,5.80,10.40,15.30,5.50,11.20,16.40,6,10.9,15.9,5.9,10.2,15,5.5,10.1,14.9,5.3,9.6,14.1,5.2,10.3,15.1,5.5,10.2,15.5,5,9.9,14.7,5.1,9.9,14.7,5.1,9.6,14.5,4.7,10.6,15.9,5.3,10.3,15.4,5.2,10.9,16.7,5.2,10.5,16.3,4.9,10.9,16.8,5,10.7,16.6,5
33,Central African Republic,23.00,39.60,9.30,23.60,40.80,9.50,25.70,44.90,9.60,25.30,44.00,9.60,26.30,45.50,10.4,27.6,48,10.4,27,46.1,10.9,26.6,45.1,11.2,27.6,46.3,12,28.1,47.1,12.3,28.5,47.8,12.4,27.3,46.1,11.6,27.7,46.6,11.9,28.1,47.3,12.3,27.2,45.8,11.9,28,46.8,12.4,29.1,48.3,13,30.4,50.4,13.7,30.7,50.9,13.7,32.5,53.7,14.6
34,Chad,13.20,20.20,6.90,13.60,20.70,7.10,13.80,20.90,7.30,13.70,20.80,7.20,14.00,21.30,7.3,14.6,22.3,7.6,15.1,23.1,7.9,15.6,24,8,15.9,24.6,8.1,16,24.8,8,15.8,24.6,7.9,15.7,24.5,7.8,15.9,24.9,7.8,15.6,24.7,7.5,15.6,24.8,7.6,15.7,24.8,7.5,16,25,7.9,15.8,24.8,7.8,15.8,24.9,7.7,15.7,24.8,7.7
35,Chile,8.00,13.40,3.00,8.00,13.20,3.00,8.40,14.10,3.00,9.20,15.50,3.30,9.20,14.80,3.9,9.1,15.3,3.3,9.2,15.3,3.4,9.9,16.6,3.6,11,18.5,4,11,18.3,4.2,12.1,20,4.8,11.8,19.4,4.6,10.6,17.7,4,9.7,16.8,3.2,9.5,16.3,3.2,10,17.6,3,9.7,17,2.9,9.7,17,2.9,10.4,18.5,2.9,10.5,19,2.9
36,China,6.70,8.60,4.80,6.80,8.80,4.90,6.90,8.90,5.00,7.00,9.00,5.10,7.10,9.00,5.3,7.4,9.3,5.6,7.7,9.5,5.9,8.1,10,6.4,8.8,10.7,7.1,9.6,11.5,7.8,10.1,11.9,8.4,10.6,12.4,9,11.1,12.7,9.6,11.9,13.4,10.5,12.8,14.5,11.4,13.4,15,11.9,13,14.6,11.5,12.5,14,11.2,13.3,14.3,12.6,14.9,15.5,14.5
37,Colombia,3.70,6.00,1.70,3.90,6.30,1.70,4.50,7.40,1.80,4.10,6.90,1.60,4.00,6.50,1.8,3.7,6.2,1.4,3.6,6,1.5,3.8,6.3,1.5,3.7,6.1,1.5,3.9,6.5,1.5,4.2,6.8,1.7,4.3,7.1,1.8,4.3,7,1.8,4.3,7,1.9,4.3,7,2,4.7,7.6,2.2,4.8,7.4,2.5,4.9,7.7,2.3,5.2,8.4,2.5,5.3,8.4,2.6
38,Comoros,8.50,11.30,5.80,8.50,11.30,5.90,8.60,11.50,5.90,8.70,11.70,6.00,8.80,11.80,6.1,8.9,11.8,6.2,8.5,11.2,6.1,8.6,11.4,6.2,8.5,11.1,6.2,9,11.8,6.5,8.6,11.2,6.2,9,11.9,6.4,8.9,11.7,6.3,9.1,11.8,6.6,9.1,11.9,6.6,9.3,12.2,6.8,9.8,12.8,7.2,10.2,13.5,7.3,10.6,14.1,7.6,10.9,14.5,7.6
39,Congo,11.60,18.30,6.10,11.60,17.90,6.40,11.90,18.10,6.80,12.30,18.60,7.10,12.50,18.70,7.5,13.5,19.9,8.5,14.5,21.3,9,15.5,22.7,9.7,15.3,22.4,9.7,15.8,22.8,10.4,16.3,23.5,10.7,16,23.3,10.3,16.6,24.2,10.8,17.2,25,11.2,17.4,25.7,11.1,18.3,27.4,11.3,18.4,28.1,11,19.8,30.6,11.5,21.9,34.1,12.4,24.7,38.5,14.1
40,Costa Rica,7.60,13.30,1.90,6.80,11.50,2.10,5.80,9.40,2.20,7.30,12.40,2.20,6.40,10.70,2.2,5.4,9,1.8,6.4,11.2,1.7,6.3,10.9,1.9,6.7,11.2,2.3,6.8,11.7,1.9,5.6,9.5,1.7,5.5,9.4,1.6,5.6,9.5,1.9,8.4,14.2,2.7,6.7,11.5,1.9,8.4,14.5,2.3,8.1,14,2.5,7.3,12.7,2,5.6,9.8,1.5,6.9,12.3,1.6
41,CÃ´te d'Ivoire,15.70,25.70,5.00,15.90,26.10,5.00,16.40,26.80,5.20,17.00,27.80,5.50,17.70,28.80,5.8,18.5,30.1,6.1,19.5,31.4,6.6,19.7,31.8,6.7,19.6,31.4,6.9,20,31.5,7.7,19.4,30.6,7.3,19,30.3,6.7,20.3,32,7.3,20.5,32.4,7.3,20.3,32.7,6.7,21.2,33.9,7,21.7,34.4,7.4,22.1,34.8,7.6,22.9,36,7.9,24,37.5,8.4
42,Croatia,11.00,17.70,5.10,11.10,17.80,5.10,10.90,17.50,5.00,11.50,18.80,5.00,12.20,19.40,5.8,12.4,19.7,6,12.3,20.6,4.8,13.1,21.8,5.4,11.8,18.9,5.6,13.2,21.5,5.9,13.2,22.8,4.7,13.4,22.5,5.5,13.4,21.7,6,13.7,21.6,6.6,15,24.4,7,15.1,24.6,7.3,15.1,25.9,5.7,14.9,24.4,6.9,15.3,25.3,6.6,16.3,27.1,6.9
43,Cuba,10.20,16.70,4.10,10.20,16.60,4.10,10.50,17.00,4.40,9.70,16.10,3.80,10.40,17.10,4.1,10.2,16.6,4.2,10.6,17.5,4.2,10.7,17.7,4.2,11.1,18.2,4.5,11.4,18.6,4.8,11.1,17.6,4.9,10.4,16.5,4.7,9.9,16.2,4,10.6,17.4,4.2,11.1,16.9,5.7,12,18.5,5.9,12,18.4,5.9,12.9,18.9,7.3,13.7,20.3,7.5,15.6,22.7,8.9
44,Cyprus,3.20,5.30,1.10,3.60,5.90,1.40,3.30,5.70,0.90,4.20,7.20,1.10,4.20,6.50,1.8,4.8,7,2.6,5.1,9.1,1.1,4.9,9.1,0.7,3.7,6.8,0.8,4.6,7.5,1.9,4,6.8,1.2,5.6,8.4,2.7,2.8,4.2,1.4,3.2,4.4,2,2.3,3.4,1.2,0.8,1.3,0.4,2.1,2.9,1.2,2,2.8,1.2,2,2.8,1.2,1.9,2.6,1.2
45,Czechia,9.50,15.40,3.80,10.80,17.80,4.10,11.20,18.20,4.50,10.30,16.90,4.10,10.50,17.50,3.9,11.7,19.4,4.3,12.8,21.4,4.5,13.1,22.5,4,12.9,22.2,4,11.9,20.4,3.9,11.8,20.5,3.6,11.3,19.2,4,11.2,19.5,3.5,11.5,19.6,4,12.6,21.6,4.3,13.1,22.6,4.3,13.7,23.3,5.1,12.4,20.9,4.7,13.2,22.6,4.8,13.4,22.6,5.1
46,Democratic People's Republic of Korea,8.20,10.60,6.30,8.20,10.60,6.30,8.70,11.20,6.70,9.20,11.90,7.10,9.50,12.20,7.3,9.1,11.6,7.2,9.1,11.6,7.3,9.1,11.5,7.3,9.2,11.6,7.5,9.2,11.5,7.5,9.1,11.4,7.5,9.2,11.4,7.6,8.9,11,7.5,9,10.9,7.5,9,10.9,7.6,9.2,11.2,7.8,9.4,11.3,8.1,9.8,11.9,8.4,9.9,11.8,8.6,10.3,12.3,8.9
47,Democratic Republic of the Congo,12.40,20.70,5.00,12.40,20.60,5.00,12.00,20.10,4.90,12.10,20.10,5.00,12.30,20.40,5.1,12.6,20.9,5.3,12.8,21.3,5.3,13,21.6,5.5,13.3,22.1,5.7,13.5,22.3,5.8,13.6,22.6,5.9,13.4,22.2,5.8,13.4,22.2,5.9,13.9,23.1,6,14.1,23.5,6,14.2,23.9,6,14.4,24.4,5.9,14.2,24.2,5.7,14.4,24.5,5.8,14.5,24.9,5.7
48,Denmark,7.60,11.10,4.20,8.20,11.90,4.50,8.30,11.90,4.80,8.20,12.20,4.40,8.10,11.30,4.9,9.1,13.6,4.6,9,13.3,4.8,9.8,14.9,4.9,9.7,14.5,4.9,8.9,13.1,4.9,9.8,15.4,4.4,10,14,6.2,9.5,13.2,5.9,11.2,16.1,6.7,11.1,16.2,6.3,11.1,15.6,6.9,10.3,15.7,5.2,11.2,16.6,6,12.3,18,6.9,12.5,18.9,6.4
49,Djibouti,11.90,16.30,7.60,12.20,16.50,7.70,12.30,16.80,7.70,12.10,16.50,7.60,11.90,16.20,7.5,12.2,16.7,7.6,12.1,16.6,7.6,11.9,16.4,7.3,11.8,16.4,7.3,11.7,16.2,7.3,11.5,15.9,7.2,11.4,16,7.1,11.5,16.1,7.2,11.7,16.6,7.2,12,16.9,7.5,12.1,17.1,7.6,12.1,17,7.6,12,16.9,7.5,11.7,16.6,7.3,12.1,17.1,7.5
50,Dominican Republic,5.10,8.50,1.90,5.50,9.20,2.00,6.00,10.00,2.20,6.80,11.30,2.40,6.80,11.50,2.4,6.6,11.1,2.3,6.1,10.2,2.1,5.8,9.7,2,5.5,9.2,1.9,5.4,9,1.8,5.6,9.4,2,5.6,9.4,1.9,5.7,9.5,1.9,5.6,9.4,1.9,5.6,9.2,2,5.3,8.7,2,5.3,8.8,1.9,4.9,8,1.8,4.8,8,1.6,4.9,8.3,1.6
51,Ecuador,7.70,11.90,3.60,8.10,12.50,3.80,9.30,14.50,4.20,9.10,14.00,4.30,8.90,13.70,4.2,8.9,13.5,4.5,9.7,14.7,4.8,10.3,15.6,5.1,10,15,5.2,10.2,15.1,5.4,10.8,16.1,5.5,10.8,16.3,5.5,10.5,15.6,5.6,10.4,15.1,5.8,10.3,15.2,5.6,9.4,13.6,5.5,8.9,12.8,5.1,8.4,11.9,4.9,7.3,10.3,4.4,6.8,9.6,4.2
52,Egypt,3.40,4.70,2.20,3.40,4.60,2.20,3.40,4.70,2.20,3.60,5.00,2.30,3.70,5.10,2.4,3.7,5.1,2.3,3.8,5.2,2.3,3.8,5.2,2.5,3.7,5.1,2.3,3.6,4.8,2.5,3.6,4.7,2.4,3.5,4.7,2.4,3.5,4.7,2.4,3.6,4.7,2.5,3.6,4.7,2.5,3.7,4.8,2.6,3.7,4.8,2.7,3.7,4.8,2.7,3.8,4.8,2.7,3.6,4.7,2.7
53,El Salvador,6.10,11.10,2.10,6.10,11.00,2.10,6.20,11.10,2.20,5.80,10.20,2.20,6.80,12.50,2.1,6,10.1,2.6,6.7,12.3,2.3,7,12.4,2.6,8,14.4,2.7,6.4,11.7,2.1,9,16.8,2.4,7.3,13,2.6,8.5,15.7,2.5,7,12.7,2.1,8.2,14.7,2.7,7.3,12.9,2.7,7.2,12,3.3,5.9,9.3,3.2,7.4,11.7,3.8,6.7,10.6,3.4
54,Equatorial Guinea,13.50,18.50,8.80,14.10,19.70,8.50,13.20,17.90,8.60,15.00,20.30,9.60,15.30,20.60,10,14.2,19.5,8.9,13.8,19.1,8.3,15.5,21.9,8.7,16.6,23.5,9.1,15.3,20.8,9.7,13.9,18.5,9.6,13.9,19.2,8.8,14.2,20.1,8.3,14.4,20.7,8.2,14.1,20.9,7.3,14.6,22.1,7.2,15.3,23.5,7.2,15.8,24.7,7,17.6,27.9,7.4,19.4,31,7.8
55,Eritrea,17.30,27.20,8.30,17.80,28.10,8.50,18.00,28.40,8.60,18.30,28.80,8.70,18.70,29.50,8.9,18.9,29.8,8.9,19.2,30.4,9.1,19.7,31.2,9.3,20.2,31.9,9.4,20.5,32.5,9.6,20.9,33,9.8,21.3,33.7,9.9,20.8,33.3,9.5,21.2,33.8,9.6,20.9,33.7,9.3,20.9,33.8,9,20.7,33.8,8.8,22.1,35.9,9.4,22.5,36.7,9.4,23.4,38.4,9.6
56,Estonia,12.00,20.20,4.50,11.60,19.70,4.50,15.20,25.00,6.30,12.50,21.30,4.80,13.40,24.10,3.8,16.2,28.6,5.2,14.9,27,4.4,17.2,30.9,4.9,14.7,26.7,4.4,15.4,27.6,4.6,19.2,35.2,4.9,16.2,28,6,17.5,32.5,4.6,16.8,29.4,5.8,19.1,34.1,5.7,23.1,41.4,7.1,22.3,40.1,6.9,25.8,46,7.8,26.1,46,8.3,25,43.1,9.6
57,Eswatini,40.50,78.70,6.40,40.10,78.80,5.80,42.90,83.60,7.00,46.20,88.80,9.10,49.20,92.30,11.9,54.6,99,16.4,62,110,20.9,66.3,116.2,23.7,66,114.5,24.8,70.5,119.1,29.1,75.1,125.1,33.1,75.8,125.4,34.6,74.1,122.1,34.7,64.9,104.2,33.1,60.1,95.5,31.7,57.9,92,30.7,55.4,87.9,29.5,51.1,81.1,27.2,45.1,72.5,23.3,40.6,65.5,20.9
58,Ethiopia,9.50,14.20,5.20,9.50,14.30,5.20,9.60,14.50,5.30,9.80,14.70,5.30,10.00,14.90,5.5,10,15,5.5,10.4,15.7,5.7,11.3,16.8,6.3,12.4,18.2,7.1,13.1,19.1,7.6,13.7,19.6,8.2,14.2,20.3,8.7,14.5,20.6,8.9,14.9,21,9.2,15.3,21.5,9.6,15.8,22.1,9.9,16.3,22.8,10.2,16.9,23.7,10.5,17.5,24.5,10.8,18.4,25.9,11.2
59,Fiji,9.50,13.10,6.00,9.70,13.40,6.10,9.90,13.70,6.10,10.00,14.00,6.10,10.00,13.90,6.1,10.3,14.3,6.2,10.5,14.8,6.2,10.5,14.6,6.3,10.3,14.3,6.3,10.1,13.8,6.4,10.2,13.6,6.7,10.2,13.8,6.6,10.1,13.8,6.2,9.9,13.4,6.3,10.2,13.5,6.8,10,13.1,7.1,10.5,13.5,7.5,11,14.1,7.9,11.4,15,7.8,11.7,15.3,8.2
60,Finland,13.40,20.10,6.80,14.40,21.60,7.20,14.40,20.80,8.00,13.30,20.40,6.10,12.10,18.90,5.4,13.7,20.7,6.7,15,22.5,7.7,14.9,22.6,7.3,15.7,24.4,7.1,16.4,25.1,7.8,17.9,26.5,9.4,18.1,27.9,8.5,17,26.1,8,18.2,28.2,8.4,16.9,25.1,9.1,18.9,29.4,8.6,18.9,29.5,8.6,19.2,29.7,9,21.2,33.6,9,21.7,33.3,10.4
61,France,9.70,15.20,4.50,10.00,15.80,4.70,10.40,16.30,4.90,10.70,16.90,5.00,11.50,18.10,5.3,11.4,17.7,5.7,12.5,19.4,6.2,13.4,20.8,6.6,13.6,21,6.8,13.9,21.2,7.2,14.1,21.7,7.2,14,21.4,7.2,13.8,21,7.3,14.4,21.8,7.6,14.8,22.6,7.8,15.3,23.1,8.3,15.7,24.2,8.2,15.6,23.5,8.4,15.4,23.4,8.1,15.8,24.2,8.3
62,Gabon,13.10,23.30,3.80,13.60,24.00,4.00,13.80,24.50,4.10,14.60,25.70,4.40,15.20,26.50,4.8,15.4,27,4.9,13.6,24.3,4,14,24.9,4.2,15.8,27.5,5.3,15.8,27.4,5.6,15.9,27.5,5.7,17.3,29.5,6.6,16,27.1,6.4,16.3,27.3,7,15.7,26.9,6.1,15.2,26,6.1,16.6,28.3,6.6,16.9,28.9,6.6,18.3,31.3,7.2,19.4,33.2,7.5
63,Gambia,9.60,13.30,6.20,9.60,13.20,6.30,9.80,13.60,6.30,9.90,13.60,6.50,10.30,14.10,6.7,10.6,14.5,6.9,10.7,14.6,7,10.8,14.8,7,11,15.2,6.9,10.6,14.7,6.8,10.9,15,6.9,11.2,15.5,7.1,11.2,15.5,7.2,11.4,15.6,7.3,11.4,15.8,7.2,11.6,16.1,7.3,11.5,15.9,7.3,11.5,15.8,7.3,11.3,15.6,7.2,11.1,15.3,7.1
64,Georgia,7.70,14.00,2.20,7.90,14.30,2.30,8.10,14.70,2.30,9.00,16.40,2.60,8.80,15.90,2.6,8.6,15.5,2.6,8.2,15,2.3,7.7,14,2.1,7.2,13,2.2,7,12.7,2.1,7.4,12.8,2.7,6.5,11.6,2.2,5.2,9.1,1.9,5.3,9.5,1.8,5.5,9.5,2,6.4,11.3,2.4,5.7,9.8,2.4,7.3,12.8,2.8,6.1,10.8,2.2,6.6,11.9,2.2
65,Germany,8.30,12.80,3.90,8.50,13.10,4.00,8.30,12.90,3.90,8.80,13.50,4.30,9.00,13.50,4.7,9.2,14.2,4.5,9.2,14.1,4.6,9,13.6,4.6,9.3,14.5,4.3,9.5,14.8,4.5,9.1,14.4,4.2,9.1,14.2,4.3,8.9,14.1,4.2,9.3,14.5,4.5,9.8,15.4,4.7,10.4,16.4,4.8,10.8,16.9,5.2,11,17.2,5.4,11.1,17.6,5.2,11.2,17.6,5.3
66,Ghana,10.50,20.00,1.80,10.80,20.50,1.80,11.30,21.40,2.00,11.70,22.20,2.10,12.00,22.70,2.2,12.4,23.2,2.4,12.8,23.8,2.6,13,24.1,2.7,13.1,24.3,2.8,13.3,24.4,3,13,23.8,3.1,12.9,23.4,3.2,12.4,22.5,3.2,12.3,22.3,3.2,12.2,22,3.2,11.9,21.5,3.2,11.4,20.5,3.2,11,19.5,3.2,10.5,18.6,3.1,9.8,17.2,2.9
67,Greece,3.60,5.90,1.50,3.70,6.00,1.50,3.80,6.10,1.50,3.40,5.70,1.30,3.80,6.10,1.5,4,6.5,1.7,4,6.4,1.6,3.7,6.2,1.4,3.5,5.8,1.3,2.7,4.9,0.6,2.9,5,0.8,2.6,4.4,0.9,2.5,4.1,0.8,2.9,4.8,1,2.9,4.7,1.2,2.5,4.1,0.9,2.7,4.4,1,2.3,3.7,0.9,2.5,4.4,0.7,2.9,4.6,1.2
68,Grenada,0.60,0.50,0.70,0.30,0.00,0.70,0.70,0.80,0.60,0.90,0.90,0.90,0.60,0.90,0.3,0.5,0,0.8,1.1,1.8,0.5,1.6,2.8,0.5,1.6,3.2,0,0.7,1.7,0,0.5,1.4,0,2.1,3.9,0.7,1.9,3.3,0.6,4.9,8.9,1.6,3.2,6,0.8,4.9,9.3,0.9,2.6,4.8,0.5,3.4,6.6,0.5,0.4,0,0.8,2.1,3.8,0.6
69,Guatemala,6.20,10.30,2.50,6.30,10.40,2.60,6.00,9.80,2.70,6.20,10.00,2.80,6.40,10.40,2.9,6.4,10.4,2.9,6.7,10.9,2.9,7,11.6,3,7.6,12.7,3.1,8.7,14.6,3.4,9.5,16,3.7,9.9,16.9,3.7,10.4,17.7,3.9,13.3,23.5,4.3,14.2,25,4.6,13.9,24.6,4.5,13.9,24.4,4.5,13.7,24,4.5,14.1,25.1,4.4,13.5,24,4.1
70,Guinea,12.30,18.40,8.00,12.20,18.20,8.00,12.50,18.40,8.30,12.80,19.00,8.40,13.00,19.40,8.5,13,19.6,8.3,13.2,19.8,8.6,12.9,19.3,8.4,12.8,19,8.4,12.5,18.5,8.2,11.9,17.6,7.9,11.7,17.4,7.7,11.7,17.1,7.7,11.1,16.1,7.4,10.4,15.1,7,10.4,15.1,7,10.2,14.7,6.9,10.1,14.4,6.9,9.8,13.8,6.7,9.7,13.7,6.7
71,Guinea-Bissau,12.40,19.80,6.70,12.90,20.80,6.80,13.10,21.00,7.00,13.10,21.10,7.10,13.10,20.90,7.2,14.1,22.9,7.4,14.8,24.1,7.6,14.7,24.1,7.5,15.1,24.6,7.8,15.4,25.3,7.9,15.6,25.7,8,15.5,25.3,8.1,15.5,25.3,8,15.5,25.4,7.9,15.6,25.7,8,16.2,26.6,8.2,16.3,26.7,8.3,16.7,27.4,8.5,17.2,28.2,8.6,17.5,28.7,8.8
72,Guyana,40.90,65.00,17.00,40.40,64.40,16.70,39.90,63.90,16.30,39.60,63.80,16.10,39.30,63.50,15.9,39.5,66.4,13.6,40.7,65.4,17.1,37.6,60.5,15.9,35.3,56.8,14.8,36.4,57.7,15.8,36.3,53.7,19.5,33.7,52.5,15.3,35.1,54.9,15.8,35,54.8,15.8,35.6,57,15.1,37.3,59.2,16,38.1,59.9,16.8,39.8,65.4,14.6,39.9,64.8,15.5,35.8,57.6,14.5
73,Haiti,11.20,14.90,8.00,11.40,15.10,8.20,11.40,15.10,8.30,11.60,15.10,8.70,12.00,15.30,9.1,12,15.2,9.3,12,15.2,9.4,12.2,15.3,9.6,12.5,15.3,10.1,13.2,16,10.8,12.8,15.4,10.6,12.6,15.1,10.5,12.6,14.9,10.7,12.1,14.2,10.5,12,13.9,10.5,11.7,13.7,10,12,13.9,10.5,12.1,13.9,10.6,12.4,14.3,10.8,12.7,14.7,11.1
74,Honduras,2.60,4.40,1.00,2.60,4.40,1.00,2.70,4.60,1.00,2.70,4.50,1.00,4.60,8.30,1.1,4.1,7.3,1,3.9,7,1,4,7.1,1,2.6,4.4,1,2.7,4.5,1,2.7,4.6,1,2.8,4.8,1.1,2.9,4.9,1.2,3,5,1.2,3,5,1.2,3,5,1.2,3,5.1,1.1,3,5.1,1.1,3,5.1,1.1,3,5.1,1.1
75,Hungary,11.80,19.10,5.50,12.60,21.20,5.30,12.60,21.10,5.30,13.30,21.90,6.10,14.60,24.00,6.5,15,25,6.3,16.1,26.8,7,18.4,30.9,7.5,18.9,31.8,7.7,19.2,32.6,7.6,19.5,33,7.9,19.1,32.6,7.7,18.9,32.2,7.5,19.2,31.8,8.4,20.5,35,8.1,21.6,36.5,8.8,21.8,37.5,8.3,22.8,38.8,9.1,23.8,40.5,9.4,26.6,44.7,11
76,Iceland,11.20,18.70,3.50,10.10,16.60,3.50,11.70,20.80,2.30,12.30,20.30,4.00,13.20,21.00,5.2,14.4,20.6,8.1,12.5,18.5,6.4,12.5,17,8,10.7,16.5,4.8,11.8,18.2,5.3,12.9,18.1,7.6,13.3,18.9,7.8,13.5,17.9,9,11.3,15.7,6.7,10.8,14.1,7.5,11.5,16.1,6.9,12,18.6,5.3,11.8,17.7,5.7,12.4,18.9,5.9,12.7,19.3,6
77,India,12.90,14.70,11.10,12.90,14.70,11.10,12.50,14.30,10.70,12.60,14.40,10.80,12.90,14.80,11.1,13.5,15.7,11.3,14.4,16.8,12.1,15.1,17.6,12.5,15.5,17.9,13.1,15.6,18,13.2,15.6,18.4,12.8,16.3,19.5,13.1,16.7,19.9,13.4,17.1,20.2,14,17,19.8,14.2,16.8,19.5,14.2,17.3,19.7,14.8,18.2,20.4,15.9,18.7,20.6,16.9,19.1,20.9,17.4
78,Indonesia,2.60,4.00,1.20,2.60,4.00,1.20,2.60,4.00,1.20,2.60,4.00,1.20,2.60,3.90,1.2,2.6,4,1.3,2.7,4.1,1.3,2.8,4.2,1.4,2.9,4.3,1.5,2.9,4.4,1.5,3,4.5,1.5,3.1,4.6,1.6,3.2,4.8,1.6,3.2,4.8,1.7,3.3,5,1.7,3.5,5.2,1.8,3.6,5.3,1.9,3.6,5.4,2,3.7,5.5,2,3.8,5.5,2.1
79,Iran (Islamic Republic of),5.10,7.50,2.80,5.50,8.10,2.90,5.80,8.60,3.00,5.90,8.80,3.00,6.00,8.80,3.1,6.1,8.8,3.3,6.1,8.7,3.5,6.2,8.7,3.6,6.1,8.5,3.8,5.8,7.8,3.8,5.7,7.6,3.8,5.7,7.5,3.9,6,7.8,4.2,5.7,7.2,4.1,6,7.5,4.4,6.5,8.1,4.7,6.8,8.4,5,7.3,9.2,5.5,7.7,9.6,5.7,8,10.1,5.9
80,Iraq,4.70,7.30,2.40,4.90,7.40,2.50,5.20,7.80,2.70,5.30,8.00,2.80,5.40,8.10,2.9,5.5,8.2,3,5.7,8.5,3.1,5.6,8.2,3.2,5.5,8,3.2,5.3,7.7,3.2,5.1,7.4,3.1,4.9,7,2.9,5,7.3,2.9,5.2,7.4,3,5.1,7.3,3.1,5.2,7.3,3.1,5.2,7.4,3.2,5.2,7.1,3.4,5.2,7.1,3.4,5.3,7.2,3.4
81,Ireland,8.90,14.30,3.60,9.20,14.80,3.70,9.30,15.00,3.70,9.40,15.20,3.70,8.70,13.80,3.7,10.5,17.3,3.8,10.5,16.9,4.3,11.7,19.1,4.4,11.8,19.5,4.2,11.2,17.5,4.9,13.3,21.5,5.1,11.4,17.4,5.5,10.8,16.9,4.6,10.2,16.2,4.2,11,17.3,4.5,11.1,18.4,3.7,11.3,17.4,5,11.5,18.8,4.3,12.5,20.8,4.2,12.1,19.8,4.4
82,Israel,5.20,8.30,2.10,5.30,8.50,2.20,5.00,7.80,2.30,5.00,8.40,1.90,4.50,7.20,1.9,5,7.9,2.3,5.1,7.9,2.4,6,10.1,2.2,5.5,8.9,2.3,6.6,11,2.4,5.9,9.4,2.6,5.1,8.7,1.7,5.2,8.6,2,5.5,8.5,2.6,6.6,10,3.5,6.1,9.9,2.6,6.4,10.8,2.2,5.8,9.1,2.8,6.3,10.6,2.3,6.8,11,2.8
83,Italy,4.30,6.70,2.10,4.40,6.90,2.10,4.80,7.70,2.20,4.40,6.90,1.90,4.80,7.60,2.2,5,7.9,2.4,5.3,8.4,2.4,5.4,8.6,2.3,5.1,8.4,2.2,4.8,7.8,2.1,4.9,7.8,2.2,4.9,7.6,2.3,4.7,7.5,2.2,4.7,7.4,2.2,4.8,7.5,2.3,5.1,8.2,2.4,5.3,8.3,2.5,5.4,8.7,2.4,5.4,8.6,2.5,5.5,8.7,2.7
84,Jamaica,2.30,3.60,1.00,2.20,3.50,1.00,2.20,3.50,1.00,2.20,3.40,1.00,2.20,3.40,1,2.2,3.5,1,2,3.2,0.9,2.1,3.3,0.9,2.3,3.7,0.9,2,3.1,0.9,2.4,4,0.9,2.3,3.8,0.9,1.9,3,0.8,1.6,2.6,0.7,1.6,2.5,0.7,1.7,2.7,0.8,1.9,3,0.9,2,3.1,0.8,2,3.2,0.9,2.1,3.3,0.9
85,Japan,12.20,17.50,6.90,13.40,18.80,7.90,13.50,19.40,7.60,13.70,19.70,7.70,14.90,21.40,8.4,15.8,22.4,9.1,16.7,23.9,9.5,17,24.4,9.7,18.4,25.9,11,18.8,27.4,10.3,19.5,28.6,10.5,19,27.6,10.6,19.1,27.9,10.5,18.4,26.9,10.2,18.8,27.9,9.9,18.4,27.4,9.6,19.5,29.2,10.1,17.9,26.7,9.3,17.5,25.9,9.3,18.1,26.8,9.6
86,Jordan,2.00,3.00,0.90,1.90,2.90,0.90,1.90,2.80,0.90,1.90,2.80,0.90,1.90,2.80,0.9,1.9,2.8,0.9,1.9,2.8,0.9,2,2.9,1,2,2.9,1,2,3,1,2.1,3.1,1.1,2.2,3.2,1.2,2.4,3.3,1.4,2.6,3.4,1.7,2.8,3.6,1.9,3,3.8,2.1,3.1,4,2.2,3.2,4.1,2.2,3.4,4.4,2.3,3.5,4.5,2.4
87,Kazakhstan,18.10,30.90,6.90,19.40,33.40,7.30,21.20,36.60,7.80,22.00,38.20,7.90,23.40,40.80,8.2,24.2,42.2,8.5,26.2,45.6,9,27.3,47.7,9.3,28.3,49.4,9.7,29.4,51.3,10.1,29.6,51.3,10.4,33.8,58.8,11.5,37.2,65.8,11.7,37.2,65.8,11.7,38.6,68.7,11.8,39.3,70.2,11.9,39,70.1,12,38.3,68.7,11.8,39.4,71.2,11.5,39.4,71.7,11.4
88,Kenya,11.00,18.10,5.30,11.00,18.20,5.20,10.60,17.60,5.00,10.50,17.20,5.00,10.60,17.40,5.3,11.1,18,5.5,11.6,18.9,5.7,11.7,19.2,5.5,11.8,19.4,5.6,11.9,19,6.2,12.1,19.6,6.2,12.8,20.8,6.3,13,21.1,6.4,12.7,21,6,12.9,21.4,6,12.2,20.2,5.7,13.2,21.1,6.7,13.9,22.1,7.1,14.7,23.1,7.6,15.8,24.8,8.2
89,Kiribati,30.60,53.60,9.50,30.30,53.10,9.30,31.50,55.40,9.70,31.40,55.00,9.80,31.60,55.30,9.9,31.6,55.3,10,32.3,56.6,10.2,32,55.9,10.2,32.9,57.4,10.3,32.7,57.1,10.3,33,57.6,10.4,33.4,58.6,10.4,32.8,57.5,10.3,31.5,54.9,10.1,32.5,56.9,10.2,32,55.9,10.3,32.5,56.7,10.4,34.5,60.6,10.7,35.3,61.9,10.9,35.6,62.6,11.1
90,Kuwait,2.70,3.80,0.70,2.60,3.70,0.70,2.50,3.60,0.70,2.50,3.60,0.70,2.40,3.50,0.7,2.4,3.4,0.8,2.3,3.4,0.8,2.3,3.3,0.9,2.2,3.1,0.9,2.4,3.4,1,2.7,3.7,1.1,2.9,4.1,1.2,2.6,3.5,1.1,2.7,3.7,1.2,2.7,3.6,1.3,2.7,3.6,1.3,2.7,3.5,1.3,2.9,3.8,1.4,2.7,3.5,1.4,3.1,4.1,1.5
91,Kyrgyzstan,8.30,13.50,3.50,8.90,14.60,3.70,9.20,15.10,3.80,9.60,15.70,4.00,10.90,18.10,4.2,11.5,19.1,4.4,11.4,19.1,4.3,11.9,19.8,4.6,12.3,20.2,4.9,12.4,20.6,4.8,12.8,21.3,4.9,13.2,22.2,4.8,13.7,23.2,4.9,14.4,24.3,5,14.5,24.6,5.1,14.2,24.2,4.8,15.2,26,5.1,16.2,27.9,5.3,16.4,28.8,4.9,17.6,30.7,5.5
92,Lao People's Democratic Republic,6.00,8.60,3.50,6.20,8.90,3.60,6.20,8.90,3.60,6.20,8.80,3.60,6.20,8.80,3.7,6.2,8.7,3.8,6.3,8.9,3.9,6.4,8.9,4,6.7,9.3,4.3,6.8,9.4,4.4,7,9.6,4.6,7.2,9.9,4.8,7.4,10,5,7.6,10.2,5.2,7.7,10.3,5.5,7.8,10.3,5.6,8,10.4,5.8,8.2,10.6,6.1,8.6,11,6.4,8.7,11,6.5
93,Latvia,16.10,29.00,4.60,14.30,27.40,2.80,17.10,30.20,5.50,17.10,30.30,5.50,17.10,30.50,5.5,17.2,31,5.2,16.7,30.9,4.5,19.4,35.9,4.9,18.2,33.9,4.9,18.6,35.6,4,21.7,39.4,6.5,21.7,39.4,6.7,17,30.9,5.6,19.1,35.9,4.8,22.1,39.7,6.7,22.1,40.4,6.7,24.5,44.2,8.4,27.1,47.8,9.5,27.5,50,8.4,29.6,54.3,9.4
94,Lebanon,2.80,3.90,1.70,2.50,3.50,1.60,3.00,4.30,1.70,2.80,3.90,1.70,2.90,4.00,1.7,2.8,3.9,1.7,3,4.2,1.8,3,4.2,1.8,3.1,4.2,1.9,3,4.2,1.9,3,4.1,1.9,3,4.1,1.9,3,4,2,2.7,3.4,1.9,2.9,3.7,2,2.9,3.7,2.1,2.9,3.6,2.2,2.9,3.6,2.2,2.9,3.6,2.3,3,3.7,2.4
95,Lesotho,87.50,146.90,34.60,93.10,158.40,34.60,96.30,164.00,35.80,107.10,180.10,41.90,114.50,191.50,45.9,116.2,195.2,46.3,111.4,188.2,44.2,102,172.9,40.7,91.1,156.9,34.9,86.9,152.7,30.7,84.6,148.1,30.8,77.8,133.8,30.7,61.3,108,22.4,55.4,95.6,22.1,46.7,82.7,17.2,47.1,82.2,18,45.7,79.1,17.9,42.6,74.6,15.9,40.4,70.4,15.4,42.6,73.9,16
96,Liberia,7.40,9.40,5.50,7.40,9.00,5.90,7.60,9.00,6.20,7.60,9.10,6.20,7.70,9.20,6.3,8.5,10.1,6.9,8.5,10.4,6.8,8.7,10.7,6.9,8.8,10.8,7.1,8.7,10.6,6.9,8.6,10.4,6.9,8.6,10.1,7.3,8.7,10.3,7.3,8.5,10.1,7,8.3,9.8,6.9,8.5,9.8,7.3,8.3,9.9,6.7,8.4,10.2,6.6,8.4,10.4,6.5,8.8,11,6.7
97,Libya,4.50,6.10,2.90,5.70,8.10,3.30,5.50,7.70,3.20,5.00,6.90,3.00,5.50,7.80,3.1,6.1,8.9,3.2,4.8,6.4,3.1,5.6,7.7,3.3,5,6.7,3.2,5.4,7.2,3.6,5.7,7.4,3.9,5.4,7.3,3.4,5.1,6.9,3.3,4.5,6.3,2.6,4.6,6.4,2.6,4.7,6.6,2.6,5.3,7.6,2.9,5.5,7.7,3.1,5.4,7.4,3.2,5.3,7.1,3.3
98,Lithuania,20.20,36.10,6.20,21.10,37.90,6.30,23.50,41.10,8.10,26.20,48.60,6.60,28.90,51.70,8.9,29.4,53.7,8.2,34,60.2,11,29.2,52.3,9,31.8,56.3,10.5,31.3,56.1,9.6,33.1,60.6,9.3,32.6,59,9.4,29.9,54.3,8.5,29.7,53.6,9.2,36.9,66.7,10.9,38.1,67.8,12.3,40.2,72.5,12.2,42.3,78,10.7,42.1,75.7,13,45.8,80.7,15.3
99,Luxembourg,8.60,11.80,5.40,8.00,11.10,4.90,7.50,10.60,4.50,7.60,10.60,4.60,9.60,13.00,6.2,10.1,12.8,7.4,8.8,12.6,5.1,9,12.4,5.5,9.3,13.2,5.6,9.6,14.4,4.9,8.9,13,5.1,10.8,15.6,6.2,11.2,16.7,6.2,12.8,20.2,6,10.9,17.5,5,9.8,16.2,4.2,12.9,19,7.5,13.2,21,6.2,13.5,20.7,7,13.4,20.3,7.1
100,Madagascar,9.20,13.30,5.40,9.20,13.40,5.40,9.30,13.60,5.50,9.50,13.80,5.50,9.50,13.90,5.6,9.8,14.3,5.7,9.8,14.3,5.7,9.9,14.4,5.7,10.1,14.8,5.9,10.2,14.8,5.9,10.2,14.9,5.9,10.3,15,5.9,10.4,15.1,6,10.6,15.4,6.1,10.7,15.5,6.1,10.9,15.7,6.3,11,15.8,6.3,10.8,15.5,6.2,10.6,15.2,6,10.8,15.5,6.1
101,Malawi,10.60,20.00,3.30,11.00,20.80,3.50,11.70,21.90,3.80,12.20,22.80,4.00,12.60,23.40,4.2,12.8,23.6,4.3,13,24,4.6,13.7,24.7,5.2,14.6,25.7,6,16,27.7,7,15.9,27.3,7,15.2,26.2,6.7,15.4,26.6,6.6,14.8,25.9,6.1,14.3,25.4,5.6,15,26.3,5.9,15.7,26.9,6.4,16.5,28.1,6.9,17.9,30,7.7,19.2,31.8,8.4
102,Malaysia,5.80,9.00,2.40,5.60,8.70,2.40,5.60,8.60,2.40,5.40,8.20,2.40,5.20,7.90,2.4,5.1,7.7,2.4,4.9,7.3,2.4,5.2,7.8,2.5,5.2,7.9,2.5,5.3,7.9,2.5,5.5,8.2,2.6,5.4,8.1,2.6,5.3,7.9,2.6,5.5,8.2,2.7,5.7,8.5,2.8,5.8,8.7,2.8,5.9,8.9,2.9,5.8,8.6,2.9,5.8,8.7,2.9,6.1,9.1,3.1
103,Maldives,2.80,4.10,0.90,2.90,4.30,0.90,3.10,4.60,0.80,3.20,4.70,0.80,3.00,4.40,0.9,2.9,4.4,0.9,2.8,4.3,0.9,2.9,4.4,0.9,2.9,4.4,1,3.1,4.7,1,3.3,5.2,1.1,3.5,5.5,1.1,3.6,5.6,1.1,3.8,5.9,1.2,3.8,6,1.3,3.8,5.9,1.4,4.6,7.1,1.7,4.7,7.2,1.9,5.1,7.8,2.1,5.3,8.1,2.3
104,Mali,8.00,10.50,5.70,8.00,10.50,5.80,8.00,10.50,5.80,8.30,10.70,6.10,8.50,10.90,6.3,8.7,11.2,6.4,8.8,11.3,6.5,8.7,11.3,6.4,8.7,11.3,6.4,8.7,11.2,6.4,8.9,11.5,6.6,8.9,11.4,6.6,8.7,11.2,6.6,8.7,11,6.6,8.8,11,6.8,8.6,10.7,6.7,8.6,10.6,6.8,8.7,10.6,7,8.7,10.5,7.1,8.8,10.6,7.2
105,Malta,5.30,8.40,2.30,5.30,8.30,2.20,4.80,7.70,2.00,5.10,8.00,2.20,6.60,10.30,2.8,6.3,10.2,2.5,5.9,9.2,2.8,5.1,8.7,1.5,5.7,10,1.4,6.6,12,1.1,6.1,11,1.3,5.6,9.9,1.1,4.6,8,1.2,5.8,10.6,1.2,4.4,6.8,2.1,4.9,7.3,2.5,4.5,6.1,2.9,4.9,7.2,2.7,6.5,9,4,6,9.8,2.4
106,Mauritania,5.50,7.40,3.90,5.40,7.30,3.90,5.40,7.20,3.80,5.40,7.10,3.90,5.30,7.10,3.9,5.4,7.1,3.9,5.4,7.2,3.9,5.5,7.3,4,5.3,7,4,5.5,7.2,4.1,5.6,7.3,4.1,5.6,7.2,4.1,5.7,7.4,4.3,5.8,7.5,4.3,5.7,7.4,4.3,6,7.8,4.5,5.9,7.6,4.5,6.1,7.9,4.6,6.3,8,4.8,6.4,8.2,4.9
107,Mauritius,8.80,15.00,2.50,8.20,12.20,4.20,9.60,14.90,4.30,7.60,12.80,2.60,7.50,11.30,3.8,9.9,15.8,3.9,7.8,12.8,2.8,9.2,14.1,4.5,8.6,13.6,3.8,7.4,12,3,8.6,13.8,3.5,6.4,11.1,1.9,10,15.1,5.2,9,14.2,4.1,8.7,13.4,4,8,12.5,3.8,7.6,11.4,4,11,17.6,4.7,9.8,13.7,6.2,11.5,18.4,4.9
108,Mexico,5.30,8.70,2.20,5.40,8.80,2.20,5.90,9.90,2.10,5.60,9.40,2.10,5.60,9.20,2.3,5.7,9.5,2.3,5.3,8.9,2,5,8.3,1.9,5.4,9,2,4.7,8,1.7,4.8,8.1,1.8,4.6,7.7,1.7,4.3,7.3,1.6,4.3,7.4,1.3,4.4,7.6,1.4,4.3,7.4,1.4,4.3,7.4,1.4,4.2,7.2,1.3,4.2,7.2,1.4,3.9,6.9,1.1
109,Micronesia (Federated States of),29.00,44.30,13.20,29.10,44.60,13.10,28.70,44.10,12.80,28.20,43.40,12.70,28.40,43.50,12.9,27.4,42.1,12.4,27.4,42.1,12.4,27.6,42.5,12.4,27.5,42.5,12.3,27,41.8,12.1,27,41.8,12.1,27,41.9,12,27,41.9,12,27.4,42.6,12.2,27.6,43.1,12.3,27.1,42.3,12.1,26.3,41,11.9,26.3,41.1,11.8,27.3,42.4,12.5,28,43.4,13
110,Mongolia,18.00,31.10,5.60,18.70,32.20,5.90,19.10,32.90,6.00,19.80,34.00,6.30,19.70,33.50,6.5,19.6,33.3,6.5,20.4,34.6,7,21,35.4,7.2,21.9,37,7.4,22.4,37.8,7.7,22.7,38.2,7.8,22.9,38.9,7.6,23,38.9,7.7,23.4,39.2,8.2,23.9,39.9,8.6,23.9,39.6,8.9,23.8,39.2,9.1,22.9,37.2,9.1,23.7,38.3,9.7,23.6,37.6,10.2
111,Montenegro,16.20,25.40,7.90,16.40,25.60,8.10,16.30,25.30,8.10,16.10,24.90,8.10,16.30,25.10,8.4,16.3,25.1,8.4,16.3,25.3,8.2,17.1,26.4,8.5,17,26.6,8.3,16.5,25.7,8.2,17.2,26.8,8.6,17.3,27,8.6,17.6,27.5,8.6,19.2,30,9.3,18.7,29.1,9.3,18.4,28.2,9.7,18.3,27.7,9.8,17.8,27,9.5,17.7,26.8,9.4,18.9,28.9,9.8
112,Morocco,7.30,10.10,4.70,7.30,10.00,4.80,7.30,9.80,5.00,7.40,9.90,5.10,7.60,10.10,5.3,7.9,10.4,5.6,8.2,10.9,5.8,9.2,12.5,6.1,9.5,13,6.3,9.5,12.9,6.5,9.7,12.9,6.7,9.8,13,6.8,9.9,13,7,9.9,12.9,7.1,10.1,13.1,7.2,10.2,13.3,7.4,10.3,13.4,7.5,10.4,13.3,7.7,10.8,13.9,7.8,10.8,13.9,8
113,Mozambique,23.20,42.60,8.90,23.20,42.80,8.80,23.10,42.90,8.60,23.40,43.50,8.70,24.00,44.40,9.1,24.7,45.6,9.3,26,47,10.6,26.5,47.5,11.1,25.9,46.6,10.6,25.3,45.8,10.2,24.6,44.6,9.7,23.1,42,8.8,21.8,39.9,8,21.6,39.3,8.2,21.4,38.6,8.3,21.1,37.8,8.3,20.9,37.1,8.3,20.8,36.7,8.4,20.8,36.3,8.6,20.9,36.2,8.8
114,Myanmar,3.00,5.10,1.10,3.00,5.10,1.10,3.10,5.30,1.20,3.30,5.70,1.20,3.30,5.70,1.3,3.4,5.8,1.3,3.5,5.9,1.4,3.5,6,1.4,3.7,6.1,1.5,3.8,6.2,1.7,3.9,6.3,1.8,3.9,6.3,1.9,4.2,6.7,2.1,4.4,7,2.2,4.5,7,2.3,4.6,7.2,2.4,4.7,7.3,2.4,4.8,7.5,2.4,4.9,7.6,2.5,5.1,8.1,2.6
115,Namibia,13.50,24.90,4.40,13.70,25.40,4.30,15.20,27.40,5.30,14.90,25.90,6.10,16.30,27.90,7,15.3,26.8,6.1,14.4,26.3,4.8,14.5,26.9,4.5,16.1,29.7,5.1,18,32.3,6.4,18.4,32.6,7,19.7,35.3,7,23.7,41.9,8.9,24.5,42.7,9.7,24.7,43.7,9.3,23.4,42.2,8.2,25.5,44.8,9.9,26.3,45.7,10.7,26.7,46.4,10.9,27.5,47.5,11.4
116,Nepal,9.80,18.60,2.90,9.70,18.40,3.00,9.60,18.30,3.00,9.70,18.40,3.00,9.80,18.70,3,9.9,18.6,3,10.3,18.9,3,10.6,19.2,3,10.7,19.2,3.1,10.5,18.6,3,10.5,18.4,3,10.2,17.8,3,10,17.4,2.9,9.7,17,2.8,10,17.5,2.9,9.8,17.4,2.7,10,17.5,2.8,10.1,17.9,2.8,10.4,18.6,2.6,10.9,19.4,2.8
117,Netherlands,9.30,12.50,6.10,9.10,11.80,6.40,9.60,13.20,6.00,9.30,12.80,5.90,9.30,12.70,6,9.3,12.7,5.9,9.5,13.4,5.6,8.9,12.2,5.6,8.4,11.7,5.2,8.1,11.5,4.7,7.8,11.1,4.5,7.4,10.5,4.5,7.1,10,4.1,8.1,11.3,5,8.3,11.5,5.2,8.1,11.3,5,8,11.1,5,8.4,11.7,5.2,8,11.1,5.1,8.1,11.2,5.2
118,New Zealand,10.30,15.40,5.40,10.70,15.90,5.60,12.10,18.20,6.30,11.50,17.20,6.00,11.10,16.40,6.2,10.6,16.1,5.3,11.6,16.6,6.8,12.3,18.4,6.5,11,16.9,5.3,12,17.5,6.8,10.9,17,5.1,11.9,18,6.1,11.7,18.2,5.5,12.6,19,6.6,12.5,19.2,6.1,12.2,19.2,5.7,13,19.1,7.1,12.2,18.7,6.1,13.5,20.9,6.5,12.4,20.8,4.4
119,Nicaragua,4.70,7.80,1.90,5.00,8.30,2.20,4.70,7.70,2.10,4.60,7.80,1.70,4.50,7.10,2.2,5,8.2,2.2,5.9,9.8,2.4,4.9,7.5,2.5,5.9,9.5,2.9,5.4,8.9,2.4,5.5,8.5,2.9,5.6,9,2.7,5.4,8.7,2.4,5.3,8.9,2.1,6.1,10.7,2.1,6.4,10.8,2.7,6.7,10.7,3.1,5.9,9.3,2.8,6.2,9.5,3.3,6.3,9.3,3.6
120,Niger,10.10,14.10,6.40,10.10,14.10,6.40,10.20,14.10,6.40,10.20,14.20,6.50,10.40,14.50,6.6,10.7,14.9,6.7,10.7,14.9,6.7,10.6,14.7,6.7,10.4,14.5,6.6,10.4,14.4,6.6,10.2,14.1,6.6,10.1,13.9,6.6,10.2,14,6.7,10.1,13.8,6.6,10.1,13.8,6.7,9.8,13.3,6.6,10,13.5,6.8,9.7,12.9,6.7,9.8,13,6.8,9.5,12.6,6.7
121,Nigeria,6.90,10.10,3.80,7.00,10.30,3.80,7.10,10.40,3.90,7.20,10.70,3.90,7.30,10.90,4,7.6,11.3,4.1,8,12,4.3,8.3,12.5,4.4,8.7,13.1,4.5,8.8,13.2,4.7,9,13.4,4.8,9.1,13.7,5,9.2,13.7,5.1,9.2,13.5,5.1,9.2,13.5,5.2,9.3,13.6,5.2,9.2,13.5,5.2,9.2,13.6,5.2,9.3,13.9,5.2,9.2,13.7,5.1
122,Norway,9.90,13.40,6.30,10.10,13.70,6.40,10.40,14.00,6.60,11.10,14.70,7.30,10.60,13.90,7.1,10.1,14.5,5.5,10.3,13.7,6.8,9.9,14.2,5.7,11.8,16.9,6.7,10.9,15.1,6.6,11.4,16.3,6.5,10.6,14.7,6.5,10.6,15.1,6,11.6,16.9,6.4,11.4,15.5,7.4,11.7,15.9,7.6,11,16,5.9,11,16.2,6,13.2,19.8,6.6,13,19.9,6.1
123,Oman,4.50,6.40,1.10,4.40,6.30,1.10,4.50,6.50,1.20,4.50,6.50,1.20,4.70,6.80,1.3,4.7,6.7,1.3,4.8,6.9,1.3,4.9,6.9,1.4,5.5,7.9,1.5,6.1,8.8,1.6,6,8.8,1.5,6.3,9.4,1.5,6.5,9.8,1.6,6.5,9.7,1.8,6.2,9.3,1.7,6.1,9.3,1.8,6.4,9.8,1.8,6.3,9.5,1.9,6.7,10.1,1.9,6.7,10.1,2
124,Pakistan,9.80,14.60,4.80,9.80,14.60,4.80,10.00,14.80,4.90,10.00,14.90,4.90,10.00,14.80,4.9,10,14.7,5,10,14.7,5,10,14.7,5,10,14.7,5.1,10.2,14.9,5.2,10.3,15.1,5.2,10.5,15.4,5.4,10.7,15.6,5.6,11,16,5.7,11,15.9,5.7,11.2,16.2,5.9,11.3,16.3,5.9,11.3,16.3,5.9,11.2,16.2,5.8,11.1,16.1,5.7
125,Panama,2.90,4.80,1.00,2.90,4.90,1.00,3.20,5.60,0.90,3.40,5.70,1.00,3.00,4.90,1.1,4.2,7.2,1.1,3.5,6.5,0.7,3.8,6.6,0.9,4,6.8,1.2,4.3,7.6,1.1,5.1,8.7,1.5,5.6,9.3,2,5.2,9.1,1.2,6,11.2,0.8,5.3,9.1,1.6,6.1,10.2,2,6.3,11.4,1.3,5.9,9.5,2.3,6.2,10.6,1.7,5.9,10.4,1.5
126,Papua New Guinea,3.60,5.20,1.90,3.50,5.10,1.90,3.50,5.10,1.90,3.60,5.30,2.00,3.70,5.30,2,3.6,5.3,2,3.4,5,1.9,3.5,5.1,1.8,3.3,4.9,1.7,3.3,4.9,1.8,3.2,4.7,1.7,3.3,4.9,1.7,3.3,4.9,1.8,3.2,4.7,1.7,3.2,4.7,1.7,3.2,4.7,1.7,3.1,4.6,1.6,3,4.5,1.6,3,4.6,1.6,2.8,4.4,1.4
127,Paraguay,6.20,9.00,3.30,6.10,8.90,3.20,6.10,8.80,3.40,5.60,8.30,2.90,5.90,8.40,3.2,6,8,3.8,5.1,7.4,2.7,4.7,6.3,3.1,4.7,6.7,2.7,3.8,5.4,2.2,4.7,7,2.5,3.9,5.5,2.4,4.2,6,2.4,4.6,6.4,2.8,4.6,6,3.3,4.6,6.5,2.9,3.7,5.5,2,3.8,4.4,3.1,3.5,4.6,2.5,3.6,4.8,2.5
128,Peru,2.70,4.10,1.40,2.70,4.10,1.40,2.70,4.10,1.40,2.70,4.00,1.40,2.80,4.20,1.5,3,4.5,1.6,3.2,4.8,1.7,3.3,5,1.8,3.5,5.1,1.9,3.6,5.4,2,3.4,5,1.9,2.9,4.2,1.6,2.8,4.1,1.6,2.9,4.1,1.8,3,4.2,1.8,3.1,4.4,1.9,3.2,4.5,2.1,3.2,4.4,2.1,3.2,4.3,2.1,3.4,4.6,2.4
129,Philippines,2.50,3.90,1.30,2.60,4.00,1.30,2.60,4.10,1.30,2.70,4.20,1.30,2.70,4.30,1.3,2.7,4.3,1.2,2.9,4.4,1.5,2.9,4.3,1.5,3.4,5.1,1.8,2.9,4.3,1.5,2.8,4.1,1.5,2.4,3.7,1.1,2.2,3.3,1.1,2.5,3.9,1.1,2.4,3.7,1.2,2.2,3.4,1.1,2.3,3.4,1.2,2.1,3.3,1.1,1.9,2.9,0.9,2.3,3.5,1.1
130,Poland,9.30,16.50,2.40,10.40,18.60,2.50,11.10,19.70,2.70,11.40,20.50,2.70,13.20,23.50,3.3,14.5,25.8,3.7,15.1,27,3.7,15.3,27.7,3.5,15,27.2,3.4,15.5,28,3.7,16.1,28.7,4.3,14.4,25.8,3.8,13.3,23.6,3.7,14.5,25.9,3.9,15.2,27,4.2,15.2,27.1,4.2,14.9,26.5,4.1,15.2,26.6,4.6,15.3,27.3,4,15.3,26.8,4.7
131,Portugal,7.20,11.60,3.50,7.50,11.70,3.80,7.90,12.40,3.90,7.40,12.20,3.20,8.30,12.50,4.8,9.2,14.9,4.4,8,13.2,3.6,8.5,14.8,3.2,7.9,13.3,3.4,8.8,14.4,4.2,8.7,14.5,3.7,8.6,14.3,3.8,8.3,13.2,4.3,7.9,13.3,3.4,7.9,13.1,3.5,7.5,12.3,3.4,8.7,14.4,3.8,9.3,15.7,3.8,6.5,11,2.8,5.5,9.5,2.1
132,Qatar,4.70,5.70,1.70,4.60,5.60,1.70,4.60,5.60,1.70,4.80,5.80,1.80,4.90,5.80,1.8,5,6,1.8,5.3,6.4,1.8,5.8,7,2,6.2,7.6,2.1,6.4,7.9,2.1,6.7,8.2,2.2,6.8,8.3,2.3,7.2,8.7,2.6,6.1,7.6,2.3,6.3,8.1,2,6.6,8.7,2,6.9,9.1,2.2,7.4,9.7,2.5,7.6,10,2.5,7.6,10,2.6
133,Republic of Korea,21.20,29.70,13.40,21.30,31.00,12.40,19.30,28.30,11.20,20.50,29.70,12.20,21.20,31.00,12.5,22.4,32.6,13.2,23.8,34.6,14.4,24,34.2,15.1,27.9,40.1,17.4,28,39.2,18.6,28.8,39.1,20.2,24.4,33.4,17,23.2,31.8,16.5,20.8,30.2,13,24,34.5,15.3,23.1,34.1,13.8,22.3,33.2,13.2,17.8,26.2,10.6,14.8,22,8.6,13.9,20.4,8.2
134,Republic of Moldova,12.20,22.10,3.30,11.90,21.90,3.00,12.40,22.80,3.30,13.40,24.00,3.90,13.70,24.00,4.7,14.5,26.6,3.9,14.4,25.7,4.5,14.6,25.3,5.2,13.3,24,3.7,17.6,32,5,17.1,31,4.8,16.8,29.8,5.3,15.3,27.9,4.3,17.5,32.5,4.9,17.1,31,4.9,16.6,30,5.1,17.1,31.9,4.5,16.6,29.7,5.2,17.7,32.1,5.4,16.3,30.7,4.2
135,North Macedonia,7.20,11.00,3.50,7.20,11.10,3.50,7.20,11.10,3.50,7.30,11.20,3.60,7.30,11.30,3.6,7.4,11.5,3.6,8.1,13.2,3,8.2,11.8,4.9,5.9,9.2,2.8,5.8,8.6,3.2,8.1,12.7,3.8,7.9,12.2,4.2,8.1,12.1,4.2,8.5,13.3,4.1,7.7,11.6,4.1,9.4,13.4,5.5,8.3,12.3,4.4,9,13.3,4.9,11.9,19.8,4.1,8.7,12.5,4.9
136,Romania,7.30,12.60,2.40,7.70,13.30,2.50,7.80,13.50,2.50,7.80,13.60,2.30,9.10,16.00,2.5,9,16,2.3,9.9,17.3,2.8,10.3,18.4,2.7,9.9,17.4,2.8,10.7,18.5,3.4,10,17.8,2.9,9.5,16.4,3.1,9.4,16.2,3.2,10.6,18.4,3.4,10.2,17.6,3.2,10.8,18.8,3.2,11.6,19.9,3.7,12.3,21.3,3.9,10.8,18.8,3.1,11.3,19.4,3.7
137,Russian Federation,21.60,38.20,7.20,23.40,41.40,7.80,24.40,43.30,8.00,26.90,47.70,8.70,27.90,49.50,9,29.4,52.5,9.1,29.1,52,9.1,29.8,53.1,9.4,31.1,55.4,9.8,33,59,10.3,33.3,59.5,10.4,35.4,63.5,10.7,36.3,65.1,10.9,39.1,70.5,11.4,43.6,78.9,12.5,43.9,79.7,12.5,45.4,82.4,12.9,46.1,83.6,13.1,47.1,85.5,13.1,48.9,88.8,13.4
138,Rwanda,9.50,14.80,5.00,9.50,14.90,5.10,9.60,15.00,5.20,9.70,15.10,5.30,9.90,15.20,5.5,10.1,15.5,5.6,10.1,15.5,5.7,10.6,16,6,10.9,16.4,6.3,11.5,17.2,6.7,12.1,18,7.1,12.9,19.1,7.7,13.7,20.2,8.2,14.3,21.1,8.6,15,22.3,8.8,16.2,24.3,9.2,18.4,27.4,10.5,20.7,31.1,11.8,22.9,34.7,12.8,25.6,38.8,14
139,Saint Lucia,6.90,12.50,1.50,7.10,12.90,1.50,7.10,12.90,1.50,6.70,12.10,1.50,7.90,14.50,1.6,8.2,15.1,1.7,7.7,14.1,1.6,8.2,15,1.7,6.9,12.5,1.5,7.6,14,1.6,7,12.8,1.5,7.9,14.5,1.7,7.2,13.1,1.6,7.7,14.1,1.7,7.4,13.6,1.6,7.3,13.3,1.6,7.7,14.2,1.7,7.4,13.5,1.8,8.1,14.7,1.9,8.1,14.5,2.1
140,Saint Vincent and the Grenadines,1.00,1.30,0.70,1.00,1.40,0.70,0.00,0.00,0.00,0.70,0.60,0.80,3.30,5.70,0.9,1.4,2.2,0.5,3.7,6.4,1,5.3,6.6,3.9,5.4,8.7,1.9,2.9,5.2,0.5,2.7,4.7,0.6,4.3,8,0.5,8.3,15.3,1.1,6.2,10.7,1.6,9.8,17.5,2.4,5.8,10,1.4,6.4,12.2,1.3,7.1,13,1.5,5.9,11,1.3,6.5,12.6,0.5
141,Samoa,14.60,20.90,7.80,14.80,21.20,7.90,14.80,21.20,7.80,15.00,21.60,8.00,14.90,21.50,8,14.9,21.4,8,14.1,20.2,7.7,14.8,21.2,7.9,14.8,21.3,7.9,14.8,21.4,7.8,13,18.7,7.1,14.9,21.7,7.7,15.1,22.1,7.6,15.3,22.5,7.5,15.3,22.5,7.5,15.1,22.3,7.4,15.6,23,7.6,15.8,23.4,7.7,16.2,23.9,7.9,16.3,24.1,7.8
142,Sao Tome and Principe,2.20,3.30,1.20,2.20,3.30,1.20,2.20,3.30,1.20,2.20,3.20,1.20,2.20,3.30,1.2,2.2,3.3,1.2,2.2,3.2,1.3,2.2,3.2,1.3,2.1,3.1,1.2,2.2,3.2,1.3,2.3,3.3,1.3,2.4,3.5,1.4,2.4,3.5,1.5,2.2,3.2,1.3,2.1,3.1,1.3,2.2,3.3,1.2,2,3.1,1.1,2.4,3.5,1.5,2.4,3.4,1.5,2.2,3.2,1.4
143,Saudi Arabia,5.40,7.80,1.90,5.60,8.00,2.00,5.70,8.20,2.10,5.90,8.50,2.20,6.00,8.50,2.3,6.3,9,2.4,6.3,9,2.5,6.4,9.1,2.6,6.2,8.8,2.5,5.7,8.1,2.1,5.2,7.6,1.9,4.9,7.1,1.7,4.6,6.7,1.6,4.3,6.3,1.5,4.1,6,1.4,3.9,5.8,1.3,4,5.9,1.4,3.9,5.8,1.4,3.9,5.7,1.4,3.8,5.7,1.4
144,Senegal,11.00,18.50,5.20,11.20,18.70,5.30,11.40,19.00,5.40,11.50,19.20,5.50,11.80,19.60,5.7,12,19.8,5.9,12.1,19.9,6,12.2,20.1,6,12.1,20,5.9,12.4,20.5,5.9,12.4,20.6,5.8,12.7,21,5.9,12.5,20.7,5.9,13,21.4,6.2,13.3,21.7,6.4,13.4,21.9,6.4,13.6,22.2,6.5,13.7,22.5,6.5,13.9,22.8,6.6,14.4,23.5,6.8
145,Serbia,7.90,12.20,3.90,7.90,12.20,3.90,0.30,0.30,0.40,10.60,16.50,5.20,11.70,18.40,5.6,12,19.3,5.5,13,20.8,6,13.3,21.4,6,13.2,20.6,6.5,12.4,20,5.6,14.8,23.2,7.2,14,21.4,7.3,14.4,22.6,7,15,23.2,7.7,15.6,24,8.4,16.7,26.6,8.2,17,27,8.3,17.8,28.4,8.6,17.8,27.9,8.9,18.9,29,10.1
146,Seychelles,7.70,14.00,1.30,7.90,14.20,1.40,7.90,14.30,1.40,7.60,13.80,1.40,7.70,13.80,1.4,7.5,13.5,1.4,7.3,13.1,1.4,7.3,13.2,1.5,7.5,13.4,1.4,7.4,13.4,1.5,7.3,13.3,1.5,7.7,14,1.6,7.6,13.9,1.6,8.1,15.1,1.7,8.4,15.8,1.7,9.3,17.6,1.7,9.1,17.2,1.6,8.8,16.7,1.6,9.6,18.1,1.7,9.8,18.4,1.7
147,Sierra Leone,11.30,14.80,8.20,11.20,14.80,8.10,10.90,14.40,7.90,10.80,14.30,7.80,10.50,14.10,7.4,11,14.8,7.6,11.3,15.2,8,11.8,15.9,8.3,11.7,15.7,8.3,12.2,16.4,8.4,11.9,16.3,8.1,11.8,16.3,8,11.7,16.1,7.8,11.7,16.3,7.6,10.9,15.3,7.1,11,15.4,7.1,11,15.3,7.3,10.7,15,7,10.5,14.7,6.8,10.1,14.4,6.5
148,Singapore,9.70,12.70,6.40,7.80,10.40,5.00,7.30,9.50,5.10,7.30,9.30,5.20,7.60,10.00,5,8.2,11.8,4.5,8.5,12,5,9.2,11.6,6.7,7.9,10.1,5.6,8.2,10.8,5.7,9,12.6,5.4,8.8,12,5.8,9.4,11.8,7.1,9.9,12.5,7.2,10,13.9,6.5,10.3,13.5,7.5,11.1,14.2,8.2,11.3,13.8,8.9,10.6,13.6,7.7,11.4,15.2,7.8
149,Slovakia,9.30,16.70,2.60,9.40,17.00,2.60,9.60,17.20,2.60,9.70,17.50,2.60,9.80,17.80,2.6,10,18.3,2.8,9.9,18,2.6,10.2,18.7,2.5,10.4,19,2.7,11.1,20.1,3.1,10.5,20,2.1,10.5,19,2.8,11.7,21.1,3.2,12.2,22.2,3.1,11.6,20.9,3.1,11.9,20.7,3.8,13,23.6,3.3,12.7,23.3,3.3,12.3,21.8,3.8,12.6,21.9,4.3
150,Slovenia,14.00,22.70,5.50,12.80,20.40,5.50,14.30,23.70,5.30,14.30,23.60,5.10,14.80,24.20,5.9,14.4,24.7,4.3,16.2,27.2,5.5,15.9,27.1,5.4,15.5,25.8,6,15.6,26.7,5.1,16.8,27.5,6.4,15.6,25.8,6.2,17,27.4,7.5,21,34.9,8.4,20.6,34.2,8.2,22.3,33.8,11.5,23.1,38.7,8.9,22.9,38.7,8.6,24.6,41.5,9.5,25.6,40.4,12.6
151,Solomon Islands,17.40,32.20,2.40,17.70,32.90,2.40,17.80,33.10,2.50,17.80,33.10,2.50,17.90,33.30,2.5,18.1,33.6,2.6,18.2,33.8,2.6,18.4,34.2,2.6,18.5,34.5,2.6,18.6,34.5,2.6,18.7,34.7,2.7,18.7,34.7,2.7,18.1,33.5,2.4,16.8,31.3,2.1,16.8,31.2,2.1,16.5,30.7,1.8,17.6,32.5,2.2,17.2,31.8,2.1,17.1,31.5,2,17.4,32,2.1
152,Somalia,14.70,22.80,7.10,14.80,23.00,7.20,14.90,23.00,7.20,14.80,22.90,7.20,15.00,23.20,7.3,15.2,23.4,7.4,15.2,23.5,7.4,15.3,23.7,7.3,15.3,23.7,7.3,15.4,23.9,7.3,16,24.8,7.5,16,24.8,7.6,15.9,24.5,7.5,16.2,25,7.6,16.6,25.6,7.9,16.8,26,7.9,16.6,25.8,7.8,16.6,25.8,7.6,16.5,25.8,7.5,16.8,26,7.9
153,South Africa,23.50,37.90,9.80,24.40,39.80,9.80,25.80,42.20,10.30,25.30,41.00,10.50,25.60,41.60,10.4,25.3,41.1,10.3,25.1,40.9,10.3,24.6,39.5,10.8,24.4,38.2,11.7,26.9,41.9,13.1,29.2,45.8,13.9,29.4,46.2,13.9,27.4,43.4,12.6,26.5,42.3,12,27.5,43.4,12.7,27.9,43.8,13.3,28.7,45,13.6,28,44.3,13,26.9,43.2,11.9,26.6,42.7,11.6
154,South Sudan,6.70,10.40,3.40,6.70,10.30,3.30,6.40,9.90,3.30,6.50,10.00,3.30,6.40,9.80,3.3,6.2,9.5,3.3,6.5,10,3.3,6.7,10.4,3.4,6.6,10.2,3.4,6.6,10.2,3.5,6.7,10.3,3.5,6.9,10.6,3.5,7,10.8,3.6,7.1,11,3.6,7.1,11,3.6,7.2,11.2,3.7,7.3,11.3,3.7,7.3,11.4,3.6,7.4,11.7,3.7,7.9,12.4,3.9
155,Spain,5.30,7.90,2.80,5.40,8.10,2.90,5.80,8.70,3.00,5.50,8.40,2.80,5.60,8.50,2.9,6.2,9.5,3.2,6.2,9.5,3.1,5.6,8.9,2.6,5.1,8,2.4,5.1,8.1,2.2,5.6,9,2.5,5.8,9.2,2.6,5.4,8.4,2.7,5.6,8.9,2.5,6,9.3,2.8,6.4,10,3.1,6.4,10.1,3,6.3,10,3,6.1,9.7,2.8,6.6,10.5,3
156,Sri Lanka,12.90,20.90,6.10,13.20,21.50,6.30,13.70,22.20,6.40,14.20,23.10,6.60,14.70,24.00,6.7,12.7,21.5,5.1,15,24.5,6.7,16.4,26.9,7.1,17.8,29.5,7.5,21.9,33.6,11.5,22.7,38,8.7,17.5,28,8,20.1,32.6,8.7,18.4,29.9,7.9,28.6,39.9,18.4,22.1,35.5,9.6,21.2,33.2,10,21.5,34,9.6,22.4,35.4,10,27.4,41.5,14
157,Sudan,4.80,6.30,3.30,4.80,6.40,3.30,4.80,6.40,3.30,4.80,6.40,3.30,4.90,6.60,3.3,5,6.7,3.4,5.1,6.9,3.4,5.1,6.8,3.4,5.3,7.1,3.6,5.2,6.9,3.5,5.2,7,3.5,5.2,6.9,3.5,5.2,6.9,3.6,5.3,7,3.7,5.4,7.1,3.8,5.3,7,3.6,5.4,7.1,3.7,5.5,7.2,3.8,5.4,7.1,3.8,5.6,7.2,4
158,Suriname,25.90,41.30,11.80,26.20,41.80,11.90,25.40,40.30,11.70,25.50,40.30,11.80,25.90,41.10,11.8,25.9,41.2,11.7,26.5,42.3,11.8,26.8,43,11.6,26,41.4,11.6,27.4,43.7,12.1,26.5,41.9,12.1,26.7,42.2,12.1,27,43,11.9,27.3,43.7,11.8,27,43.2,11.7,26.6,42.4,11.7,27.4,43.7,11.8,27.7,43.9,12.2,27.5,43.2,12.6,25,38.8,11.8
159,Sweden,12.40,16.90,7.70,12.70,17.30,8.10,12.50,17.20,7.80,12.20,16.70,7.50,13.00,18.30,7.8,12.3,16.6,7.9,13,17.9,8.1,12.3,17.1,7.4,12,16.8,7.2,12,17.2,6.8,13.1,18.5,7.7,12.4,17.6,7.2,11.9,16.8,7.1,12.1,16.2,8.1,12.7,17.3,8.2,11.9,17.4,6.5,11.7,16.2,7.3,12.6,18.5,6.8,12.8,18.1,7.5,12.2,17.1,7.5
160,Switzerland,9.80,14.20,5.70,9.90,14.20,5.70,10.40,15.00,5.90,9.80,14.20,5.50,10.50,15.20,6,10,14.2,6,10.7,15.6,6.1,10.5,15.2,6,10.5,15.5,5.8,10.5,15.1,6.2,12.1,18,6.6,13.5,18.5,8.8,14,19.7,8.7,13.9,19.1,9.1,14.1,20.2,8.5,13.6,19.2,8.6,13.8,19.6,8.5,16,22.9,9.7,15,22.2,8.5,15.9,23.7,8.6
161,Syrian Arab Republic,2.10,3.50,0.80,2.10,3.50,0.80,2.00,3.20,0.80,1.80,3.00,0.70,2.00,3.20,0.8,2.1,3.3,0.8,2,3.2,0.8,1.9,3.1,0.7,1.8,2.9,0.7,1.8,2.9,0.7,1.8,2.9,0.7,1.8,3,0.7,1.8,2.9,0.7,1.8,2.8,0.7,1.8,2.9,0.7,1.8,2.9,0.7,1.8,2.9,0.7,1.9,3,0.8,1.9,3,0.8,2,3.2,0.9
162,Tajikistan,5.30,7.40,3.40,5.30,7.20,3.40,5.30,7.10,3.50,5.40,7.20,3.60,5.20,7.10,3.4,5.1,7,3.3,5,7,3.2,5.1,7.1,3.2,5.1,7.1,3.1,5,7,3,4.9,7,2.9,4.9,7,2.8,4.8,6.9,2.8,4.7,6.8,2.7,4.7,6.7,2.8,4.6,6.4,2.7,4.6,6.5,2.7,4.6,6.6,2.7,4.8,6.8,2.9,5.1,7.3,2.9
163,Thailand,8.00,13.90,2.30,7.90,13.60,2.40,7.50,12.80,2.40,7.60,13.00,2.50,7.20,12.10,2.5,6.9,11.4,2.6,6.6,10.8,2.7,7,11.5,2.9,7.2,11.6,3,7.3,11.7,3.2,7.3,11.5,3.3,7.4,11.7,3.4,7.7,12.1,3.6,8.3,13,3.8,8.5,13.4,3.9,9.9,15.5,4.5,10.2,15.4,5.2,10.4,15.4,5.7,10.5,15.2,6,11.6,16.4,7.1
164,Timor-Leste,4.50,6.70,2.40,4.50,6.60,2.40,4.40,6.50,2.30,4.50,6.50,2.40,4.40,6.40,2.4,4.2,6.2,2.4,4.2,6.1,2.4,4.3,6.1,2.5,4.3,6.1,2.6,4.2,5.9,2.5,4.4,6.1,2.8,3.4,4.8,2.1,3.7,5.1,2.3,3.9,5.4,2.4,4.3,5.9,2.8,4.4,6,2.8,4.7,6.4,3.2,4.6,6.1,3.2,4.9,6.4,3.5,4.9,6.5,3.3
165,Togo,14.80,24.00,6.50,14.90,24.10,6.50,15.40,25.00,6.70,16.00,25.60,7.20,16.70,26.70,7.7,17.4,27.9,7.9,17.8,28.5,8.1,18,28.7,8.3,18.1,28.8,8.5,18.2,29,8.5,18.5,29.4,8.6,18.9,30,8.9,19,30,9.2,19.2,30.1,9.4,18.8,29.5,9.1,18.7,29.3,9.2,18.6,29.1,9.1,18.1,28.2,9,17.7,27.7,8.8,17.3,27,8.6
166,Tonga,4.40,5.90,2.90,4.60,6.10,3.10,4.80,6.40,3.20,4.80,6.40,3.20,5.30,7.30,3.4,5.4,7.4,3.5,5.3,7.2,3.4,5.3,7.2,3.4,5.2,7.1,3.4,5.3,7.3,3.5,5.1,7,3.2,4.7,6.3,3.2,4.8,6.5,3.2,4.7,6.4,3.2,4.8,6.5,3.2,5,6.8,3.3,5.1,6.9,3.4,5,6.7,3.4,5.1,6.7,3.6,5.1,6.7,3.6
167,Trinidad and Tobago,8.30,13.10,3.70,8.50,13.40,3.80,9.00,14.00,4.10,9.20,14.50,4.20,9.50,15.00,4.3,9.8,15.6,4.3,10.1,16.1,4.5,8.9,13.2,4.7,9.2,14.7,3.9,10.6,16.9,4.5,10.4,17.1,4,12.8,21.2,4.6,10.5,17.6,3.7,10.7,17.4,4.2,12,19.8,4.6,12.6,21,4.5,12.9,21.3,4.9,14.9,24.7,5.3,16.1,26.1,6.4,16.2,26.4,6.3
168,Tunisia,3.20,4.60,1.80,3.10,4.40,1.80,3.00,4.30,1.80,3.00,4.20,1.80,3.00,4.30,1.9,3.1,4.4,1.9,3.2,4.5,2,3.2,4.6,2,3.3,4.6,2,3.4,4.7,2.1,3.4,4.8,2.2,3.5,4.8,2.2,3.6,4.9,2.3,3.7,5,2.4,3.7,5,2.4,3.8,5.1,2.5,3.9,5.2,2.6,3.9,5.2,2.6,3.9,5.2,2.6,3.9,5.2,2.6
169,Turkey,2.30,3.60,1.20,2.30,3.40,1.20,2.30,3.40,1.20,2.30,3.40,1.30,2.30,3.40,1.3,2.3,3.5,1.3,2.3,3.5,1.2,2.2,3.4,1.2,2.3,3.5,1.2,2.5,3.7,1.3,2.5,3.7,1.3,2.5,3.8,1.3,2.6,4,1.4,2.8,4.3,1.5,3,4.6,1.5,3.2,4.9,1.6,3.3,5.2,1.6,3.4,5.4,1.7,3.9,6.2,1.8,4.2,6.7,1.9
170,Turkmenistan,6.10,9.40,2.90,6.10,9.40,2.90,6.20,9.60,3.00,6.60,10.20,3.20,6.60,10.00,3.4,7.1,11,3.5,7.4,11.2,3.9,7.4,11.2,3.7,7.8,12,4,8.7,13.7,4,9.6,15.2,4.3,11.7,19,4.8,13.6,22.5,5.3,15.5,25.6,5.9,15.8,26.6,5.7,15.2,25.4,5.6,15.3,26.1,5.1,15.2,25.5,5.5,14.7,25.1,5,13.8,23.7,4.6
171,Uganda,10.40,19.40,3.70,10.30,19.20,3.50,10.30,19.30,3.60,11.10,20.50,4.00,11.00,20.70,3.9,11.4,21.6,3.8,12.4,23.6,3.9,13.2,25.1,4.3,14.5,26.9,5.2,14.6,27.2,5.3,15.5,28.6,5.7,16.1,29.8,5.8,17.7,32.2,6.7,20.1,35.9,8.1,20.8,37.4,8.3,20.5,37.1,7.9,20.4,36.8,7.8,20.5,36.8,8,21.1,37.7,8.3,21.7,38.6,8.6
172,Ukraine,17.70,32.70,4.70,18.00,33.30,4.60,16.90,31.30,4.50,17.60,32.40,4.70,17.90,33.00,4.9,20.4,37.6,5.3,18.7,34.4,5.2,19,35.2,5.1,18.9,35.1,5.1,20.2,37.3,5.5,21.8,40.5,5.7,25.9,48.3,6.5,26.4,49.3,6.5,25.6,47.8,6.5,28.3,53,7,28.4,53.1,7,29,54.2,7.3,30.5,57.3,7.6,31.2,58.5,7.8,33.5,62.7,8.5
173,United Arab Emirates,5.20,6.30,2.60,5.00,6.00,2.60,4.80,5.70,2.60,5.00,5.90,2.60,5.30,6.30,2.7,5.6,6.7,2.8,5.9,7,3,6.1,7.2,3,6.3,7.3,3.1,6.4,7.5,3.1,6.6,7.6,3.2,6.7,7.8,3.3,6.8,7.9,3.4,6.9,8.1,3.6,6.8,7.9,3.7,6.8,7.9,3.8,6.8,7.9,4,7.4,8.6,4.2,7.9,9.2,4.6,8,9.3,4.7
174,United Kingdom of Great Britain and Northern Ireland,6.90,10.40,3.40,7.10,10.80,3.40,7.20,11.10,3.50,7.60,11.80,3.50,7.80,12.00,3.7,7.6,11.9,3.5,7.7,12.4,3.2,7.4,11.8,3.1,7.4,11.6,3.4,7,10.8,3.2,7.2,11.3,3.1,7.3,11.4,3.2,6.7,10.6,2.9,6.9,10.8,3.1,6.9,10.6,3.4,7.2,11.1,3.5,7,10.9,3.3,7.5,11.7,3.4,7.5,11.9,3.2,7.7,12,3.6
175,United Republic of Tanzania,8.20,13.50,3.70,8.00,13.30,3.70,8.20,13.40,3.90,8.30,13.70,4.00,8.20,13.60,3.9,8.3,13.6,4,8.6,14.2,4.2,8.5,13.4,4.5,9.3,14.5,5.3,9.8,15.6,5.2,10.6,16.6,5.8,11,17.1,6.2,10.4,16.5,5.6,10.3,16.5,5.3,10.3,16.6,5.3,10.9,17.3,5.7,11.9,18.9,6.2,12.8,20.3,6.7,14.2,22.4,7.4,15.6,24.5,8.1
176,United States of America,14.50,22.40,6.80,14.10,21.80,6.60,14.40,22.50,6.50,13.70,21.20,6.30,12.90,19.90,6.1,12.4,19.2,5.8,12,18.8,5.5,12.1,18.9,5.4,12,18.9,5.4,11.7,18.5,5.2,11.4,18.1,5,11.4,18.1,5,11.2,17.7,4.9,11,17.5,4.7,10.7,17.1,4.6,10.8,17.2,4.7,10.6,17.1,4.4,10.6,17.3,4.3,10.3,16.9,4.1,10,16.4,4
177,Uruguay,18.80,31.10,7.70,18.80,31.50,7.40,18.50,30.80,7.50,18.70,30.30,8.30,16.70,27.70,6.7,15.8,25.5,7,14.2,23.1,6.2,16.1,27.1,6.3,15,24.7,6.5,14.3,23.3,6.4,13.4,22.7,5.3,13.5,22.5,5.6,15.8,25.6,7.2,13.8,21.9,6.9,13.3,21.8,6,13.9,23.3,5.8,14.2,23.2,6.6,17.9,30.1,7.4,13.2,21.8,5.9,14.5,25.7,5.1
178,Uzbekistan,8.30,11.80,4.90,8.70,12.50,5.20,8.90,12.80,5.30,9.20,13.10,5.50,9.20,13.20,5.4,9,13.2,5.2,8.9,13,5.1,9,13.1,5.1,8.6,12.8,4.6,8.3,12.6,4.3,8.2,12.5,4.2,8.9,13.7,4.3,9.3,14.4,4.4,9.6,15,4.5,10.2,16.2,4.6,9.8,15.5,4.5,10.4,16.4,4.7,11.3,18,4.9,11.7,18.9,4.9,12,19.6,4.8
179,Vanuatu,21.00,33.10,9.00,21.10,33.50,8.90,21.10,33.50,8.80,21.00,33.30,8.80,21.20,33.50,9,21.1,33.5,8.9,21.8,34.3,9.3,21.9,34.6,9.3,21.8,34.3,9.2,22.1,34.8,9.5,22.5,35.2,9.7,21.7,34.2,9.1,22,34.4,9.3,22.2,34.6,9.5,21.4,33.7,8.9,21.9,34.3,9.3,22.5,35,9.7,22.8,35.5,9.9,22.8,35.4,9.9,23.2,36,10.1
180,Venezuela (Bolivarian Republic of),2.10,3.70,0.70,2.20,3.90,0.70,2.20,3.90,0.80,2.30,3.90,0.80,2.40,4.10,0.8,2.3,4,0.7,2.6,4.5,0.8,3.4,6,1,3.8,6.9,0.9,3.6,6.3,1.1,3.4,5.9,1.1,3.7,6.5,1.1,4,7,1.3,4.3,7.5,1.3,4.8,8.3,1.5,5.1,8.7,1.6,5.6,9.7,1.8,6.2,10.7,1.9,6.5,11.5,1.8,6.4,11.3,1.7
181,Viet Nam,7.20,10.60,4.20,7.40,10.80,4.20,7.50,11.10,4.20,7.60,11.20,4.20,7.60,11.30,4.2,7.6,11.3,4.3,7.5,11.1,4.2,7.5,11.1,4.2,7.4,10.9,4.2,7.3,10.7,4.2,7.3,10.7,4.3,7.4,10.6,4.4,7.2,10.3,4.5,7,9.9,4.5,6.9,9.6,4.6,7,9.6,4.7,7,9.4,4.8,7,9.3,4.9,7.1,9.5,5,7.2,9.4,5.2
182,Yemen,7.10,9.00,5.30,7.10,9.00,5.30,6.90,8.70,5.10,7.00,9.00,5.10,6.80,8.70,5,7,9,5.2,7.1,9,5.4,7.2,9.1,5.5,7.2,9.1,5.4,7.4,9.3,5.5,7.6,9.6,5.8,7.8,9.8,5.9,7.7,9.8,5.8,7.8,9.8,5.9,8,10,6,8.1,10.2,6.2,8.1,10.1,6.1,8.2,10.2,6.2,8.4,10.4,6.5,8.5,10.5,6.5
183,Zambia,14.40,25.70,5.30,15.90,28.10,6.00,16.70,29.10,6.60,16.70,29.10,6.70,17.30,30.00,7.1,17.7,30.2,7.9,17.9,30,8.5,18.5,31.1,8.7,19.8,33.4,9.2,19.7,33.3,9.2,19,32.6,8.4,19,32.8,8.2,19.8,33.4,9.2,21.8,35.6,11,22.1,35.8,11.4,22.5,35.8,11.9,21.5,34.2,11.4,22.3,34.5,12.6,22.7,34.3,13.4,24,35.9,14.5
184,Zimbabwe,23.60,37.80,13.50,23.90,38.60,13.50,25.90,41.30,15.00,28.70,44.50,17.70,30.70,47.40,19.2,30.8,45.3,21.1,31.4,46.4,21.3,33.1,50.7,20.9,34.3,52.4,21.8,35,51.6,23.9,35.2,48.3,26.9,31.7,42,25.5,27.2,36.3,21.8,22,28.5,18.2,22,32.1,15.2,21.5,30.1,15.7,20.2,29.4,13.7,20.3,29.8,13.5,19.5,28.6,13,20,28.2,14.2
185,Global Average,10.09,16.14,4.54,10.25,16.43,4.58,10.43,16.74,4.66,10.68,17.12,4.80,10.99,17.56,5.01,11.23,17.96,5.10,11.42,18.28,5.18,11.63,18.61,5.28,11.68,18.68,5.34,11.88,18.98,5.45,12.08,19.27,5.58,12.07,19.18,5.64,12.02,19.09,5.62,12.16,19.32,5.69,12.38,19.68,5.80,12.42,19.78,5.79,12.59,20.04,5.86,12.79,20.38,5.94,12.94,20.62,5.99,13.23,21.04,6.18